"gid","time","value","type"
"AL",2010,1777.88569239798,"withdrawal"
"AL",2012,1308.86072031303,"withdrawal"
"AL",2014,1612.9848133687,"withdrawal"
"AL",2016,1372.48031756065,"withdrawal"
"AL",2018,1366.44186303655,"withdrawal"
"AL",2020,1264.59107286982,"withdrawal"
"AL",2022,1254.25584457831,"withdrawal"
"AL",2024,1253.81263456508,"withdrawal"
"AL",2026,1252.37014443677,"withdrawal"
"AL",2028,1247.69324618311,"withdrawal"
"AL",2030,1222.90010542821,"withdrawal"
"AL",2032,1221.44406953495,"withdrawal"
"AL",2034,1219.99840379203,"withdrawal"
"AL",2036,1219.10224909342,"withdrawal"
"AL",2038,1222.26847697953,"withdrawal"
"AL",2040,1226.79050592582,"withdrawal"
"AL",2042,1226.54191383059,"withdrawal"
"AL",2044,1227.10479060211,"withdrawal"
"AL",2046,1230.76719619762,"withdrawal"
"AL",2048,1233.02107490838,"withdrawal"
"AL",2050,1232.51684733804,"withdrawal"
"AR",2010,74.195548922277,"withdrawal"
"AR",2012,50.2248114722669,"withdrawal"
"AR",2014,71.5356970629857,"withdrawal"
"AR",2016,35.8924334814215,"withdrawal"
"AR",2018,34.0523797856845,"withdrawal"
"AR",2020,33.4869555328881,"withdrawal"
"AR",2022,35.0228536001286,"withdrawal"
"AR",2024,35.8907199725413,"withdrawal"
"AR",2026,35.2559080952801,"withdrawal"
"AR",2028,31.4877588604843,"withdrawal"
"AR",2030,28.7285767025748,"withdrawal"
"AR",2032,31.9193007319769,"withdrawal"
"AR",2034,31.5064413457728,"withdrawal"
"AR",2036,32.0653102626856,"withdrawal"
"AR",2038,32.5254156501788,"withdrawal"
"AR",2040,32.9876726963161,"withdrawal"
"AR",2042,32.841699001898,"withdrawal"
"AR",2044,34.0580082953307,"withdrawal"
"AR",2046,33.7781995187666,"withdrawal"
"AR",2048,33.5353849367957,"withdrawal"
"AR",2050,35.0671045784143,"withdrawal"
"AZ",2010,112.432427834152,"withdrawal"
"AZ",2012,113.973790428015,"withdrawal"
"AZ",2014,113.927008468959,"withdrawal"
"AZ",2016,88.8816972943287,"withdrawal"
"AZ",2018,88.3027232974511,"withdrawal"
"AZ",2020,72.1911395732692,"withdrawal"
"AZ",2022,73.5368818864589,"withdrawal"
"AZ",2024,61.6837498475081,"withdrawal"
"AZ",2026,63.4860327507318,"withdrawal"
"AZ",2028,63.1044822511034,"withdrawal"
"AZ",2030,63.3955049500238,"withdrawal"
"AZ",2032,63.0938139952603,"withdrawal"
"AZ",2034,64.1020808333087,"withdrawal"
"AZ",2036,62.9292775411895,"withdrawal"
"AZ",2038,64.1306903151042,"withdrawal"
"AZ",2040,64.2970485907975,"withdrawal"
"AZ",2042,63.4643549692394,"withdrawal"
"AZ",2044,62.3743431285233,"withdrawal"
"AZ",2046,63.7025142695786,"withdrawal"
"AZ",2048,63.6578722550676,"withdrawal"
"AZ",2050,63.3467691708335,"withdrawal"
"CA",2010,1826.27020748746,"withdrawal"
"CA",2012,1805.40356353768,"withdrawal"
"CA",2014,1069.82892236547,"withdrawal"
"CA",2016,1067.78981159695,"withdrawal"
"CA",2018,1046.12301135653,"withdrawal"
"CA",2020,1051.89164350177,"withdrawal"
"CA",2022,1050.82426405564,"withdrawal"
"CA",2024,623.501318082401,"withdrawal"
"CA",2026,182.992621956927,"withdrawal"
"CA",2028,168.82544273977,"withdrawal"
"CA",2030,146.771058796479,"withdrawal"
"CA",2032,144.678618439537,"withdrawal"
"CA",2034,142.581390307953,"withdrawal"
"CA",2036,138.935400796245,"withdrawal"
"CA",2038,129.009372400413,"withdrawal"
"CA",2040,109.456532251384,"withdrawal"
"CA",2042,94.5938986484066,"withdrawal"
"CA",2044,85.2275051687374,"withdrawal"
"CA",2046,99.5557054919449,"withdrawal"
"CA",2048,84.6881458598791,"withdrawal"
"CA",2050,54.5128312266497,"withdrawal"
"CO",2010,78.1191748138446,"withdrawal"
"CO",2012,74.3782910816556,"withdrawal"
"CO",2014,74.6330461897285,"withdrawal"
"CO",2016,68.8373970391934,"withdrawal"
"CO",2018,54.1339732835483,"withdrawal"
"CO",2020,52.3671583747267,"withdrawal"
"CO",2022,48.5586647328581,"withdrawal"
"CO",2024,48.7462950422335,"withdrawal"
"CO",2026,45.2146071855258,"withdrawal"
"CO",2028,45.6366939232601,"withdrawal"
"CO",2030,19.8257437885006,"withdrawal"
"CO",2032,19.9609639392686,"withdrawal"
"CO",2034,20.022082429054,"withdrawal"
"CO",2036,21.3339396502658,"withdrawal"
"CO",2038,22.3482658422497,"withdrawal"
"CO",2040,21.3822733729425,"withdrawal"
"CO",2042,20.6505006758589,"withdrawal"
"CO",2044,21.9227288317426,"withdrawal"
"CO",2046,22.2026087835782,"withdrawal"
"CO",2048,22.1543477113091,"withdrawal"
"CO",2050,21.0658908074112,"withdrawal"
"CT",2010,771.75470615105,"withdrawal"
"CT",2012,738.126300718832,"withdrawal"
"CT",2014,845.826867798944,"withdrawal"
"CT",2016,773.091493058188,"withdrawal"
"CT",2018,755.430028941526,"withdrawal"
"CT",2020,740.589757534849,"withdrawal"
"CT",2022,740.6245638683,"withdrawal"
"CT",2024,740.57214082332,"withdrawal"
"CT",2026,740.490036133914,"withdrawal"
"CT",2028,740.464843160199,"withdrawal"
"CT",2030,740.442001169887,"withdrawal"
"CT",2032,740.422298060844,"withdrawal"
"CT",2034,740.105399064856,"withdrawal"
"CT",2036,434.793364878387,"withdrawal"
"CT",2038,434.683592901829,"withdrawal"
"CT",2040,434.476749647735,"withdrawal"
"CT",2042,434.503457379734,"withdrawal"
"CT",2044,433.296713532727,"withdrawal"
"CT",2046,4.48889556640646,"withdrawal"
"CT",2048,5.13780586032624,"withdrawal"
"CT",2050,5.09141849809373,"withdrawal"
"DE",2010,65.8356854091297,"withdrawal"
"DE",2012,44.6829532556576,"withdrawal"
"DE",2014,3.22277128190958,"withdrawal"
"DE",2016,4.18740888829165,"withdrawal"
"DE",2018,3.60298012429864,"withdrawal"
"DE",2020,3.6900005851047,"withdrawal"
"DE",2022,2.47518522849617,"withdrawal"
"DE",2024,1.67012823894857,"withdrawal"
"DE",2026,1.54128953113179,"withdrawal"
"DE",2028,1.2320832661359,"withdrawal"
"DE",2030,0.904548170890452,"withdrawal"
"DE",2032,0.765637178300969,"withdrawal"
"DE",2034,0.461748592937994,"withdrawal"
"DE",2036,0.227053279579578,"withdrawal"
"DE",2038,0.169256416180012,"withdrawal"
"DE",2040,0.169258760890811,"withdrawal"
"DE",2042,0.227742263602048,"withdrawal"
"DE",2044,0.21800896468542,"withdrawal"
"DE",2046,0.169270514377054,"withdrawal"
"DE",2048,0.116015823731774,"withdrawal"
"DE",2050,0.0742577001272601,"withdrawal"
"FL",2010,2258.1770766635,"withdrawal"
"FL",2012,1901.89653155354,"withdrawal"
"FL",2014,1969.28422301391,"withdrawal"
"FL",2016,1930.51642518119,"withdrawal"
"FL",2018,1696.36375454102,"withdrawal"
"FL",2020,1745.91872787109,"withdrawal"
"FL",2022,1679.77116976583,"withdrawal"
"FL",2024,1677.67019316428,"withdrawal"
"FL",2026,1658.20114056605,"withdrawal"
"FL",2028,1618.71417111721,"withdrawal"
"FL",2030,1470.5377046393,"withdrawal"
"FL",2032,1399.12826334216,"withdrawal"
"FL",2034,1315.59597508888,"withdrawal"
"FL",2036,1267.16927417588,"withdrawal"
"FL",2038,1250.35455279161,"withdrawal"
"FL",2040,1223.24468705174,"withdrawal"
"FL",2042,1210.01340602811,"withdrawal"
"FL",2044,1206.91264339975,"withdrawal"
"FL",2046,1149.62520674593,"withdrawal"
"FL",2048,1160.2627060579,"withdrawal"
"FL",2050,1167.08035081373,"withdrawal"
"GA",2010,256.17898106088,"withdrawal"
"GA",2012,63.1222696975137,"withdrawal"
"GA",2014,87.4338711853865,"withdrawal"
"GA",2016,75.2564358070184,"withdrawal"
"GA",2018,81.7135286721324,"withdrawal"
"GA",2020,68.9561689148235,"withdrawal"
"GA",2022,79.7342485392409,"withdrawal"
"GA",2024,79.8908481905066,"withdrawal"
"GA",2026,79.7739205475172,"withdrawal"
"GA",2028,77.9655196216021,"withdrawal"
"GA",2030,73.5470014095748,"withdrawal"
"GA",2032,70.0975812969738,"withdrawal"
"GA",2034,71.1291139533247,"withdrawal"
"GA",2036,67.8937060387456,"withdrawal"
"GA",2038,67.4727621980587,"withdrawal"
"GA",2040,62.10748572816,"withdrawal"
"GA",2042,62.0873509031432,"withdrawal"
"GA",2044,63.1419571515591,"withdrawal"
"GA",2046,62.0576684402353,"withdrawal"
"GA",2048,60.9609582721216,"withdrawal"
"GA",2050,63.0823738374465,"withdrawal"
"IA",2010,912.361583982081,"withdrawal"
"IA",2012,886.04910348576,"withdrawal"
"IA",2014,849.327775412932,"withdrawal"
"IA",2016,570.86089949259,"withdrawal"
"IA",2018,568.010679661491,"withdrawal"
"IA",2020,572.090352490116,"withdrawal"
"IA",2022,478.101151115252,"withdrawal"
"IA",2024,403.500086075803,"withdrawal"
"IA",2026,319.894589813077,"withdrawal"
"IA",2028,280.591830246495,"withdrawal"
"IA",2030,206.040611138936,"withdrawal"
"IA",2032,194.341505325169,"withdrawal"
"IA",2034,36.4134164861087,"withdrawal"
"IA",2036,14.4629852207882,"withdrawal"
"IA",2038,9.86748319259588,"withdrawal"
"IA",2040,9.821000717725,"withdrawal"
"IA",2042,9.83562053924886,"withdrawal"
"IA",2044,9.78673947591403,"withdrawal"
"IA",2046,9.93394971180648,"withdrawal"
"IA",2048,9.75614418094095,"withdrawal"
"IA",2050,9.46476354421189,"withdrawal"
"ID",2010,0.232971942870843,"withdrawal"
"ID",2012,0.719095006130971,"withdrawal"
"ID",2014,0.942265657791406,"withdrawal"
"ID",2016,0.664535904641747,"withdrawal"
"ID",2018,0.665955391910044,"withdrawal"
"ID",2020,0.669050279459343,"withdrawal"
"ID",2022,0.669060069615444,"withdrawal"
"ID",2024,0.669293734818373,"withdrawal"
"ID",2026,0.669322146042671,"withdrawal"
"ID",2028,0.669332462348015,"withdrawal"
"ID",2030,2.33428472473401,"withdrawal"
"ID",2032,2.82227875550002,"withdrawal"
"ID",2034,4.62155931854251,"withdrawal"
"ID",2036,4.55021167158552,"withdrawal"
"ID",2038,5.32209210522995,"withdrawal"
"ID",2040,5.03237741257438,"withdrawal"
"ID",2042,5.09212481213823,"withdrawal"
"ID",2044,6.2562276922565,"withdrawal"
"ID",2046,6.26866591775473,"withdrawal"
"ID",2048,7.5309237933876,"withdrawal"
"ID",2050,7.7183833350396,"withdrawal"
"IL",2010,3057.12169478232,"withdrawal"
"IL",2012,2321.12102993285,"withdrawal"
"IL",2014,2496.84800561284,"withdrawal"
"IL",2016,1756.94437570149,"withdrawal"
"IL",2018,1693.98783522312,"withdrawal"
"IL",2020,1579.92195815494,"withdrawal"
"IL",2022,1518.71639464551,"withdrawal"
"IL",2024,1456.51699451145,"withdrawal"
"IL",2026,1414.77918807059,"withdrawal"
"IL",2028,1361.88020128589,"withdrawal"
"IL",2030,1210.74432154689,"withdrawal"
"IL",2032,477.374594387826,"withdrawal"
"IL",2034,434.896569783785,"withdrawal"
"IL",2036,397.821844872967,"withdrawal"
"IL",2038,388.456012389388,"withdrawal"
"IL",2040,390.275579912803,"withdrawal"
"IL",2042,326.600360218517,"withdrawal"
"IL",2044,268.749262457211,"withdrawal"
"IL",2046,264.353389326039,"withdrawal"
"IL",2048,72.7621689296995,"withdrawal"
"IL",2050,76.0577735567619,"withdrawal"
"IN",2010,1709.66747399875,"withdrawal"
"IN",2012,1185.79683404656,"withdrawal"
"IN",2014,1565.90809517813,"withdrawal"
"IN",2016,919.761175386119,"withdrawal"
"IN",2018,857.049008746201,"withdrawal"
"IN",2020,747.904862069495,"withdrawal"
"IN",2022,768.610237289173,"withdrawal"
"IN",2024,740.706691928981,"withdrawal"
"IN",2026,698.452234069316,"withdrawal"
"IN",2028,596.160449007605,"withdrawal"
"IN",2030,349.201371430426,"withdrawal"
"IN",2032,217.851605679904,"withdrawal"
"IN",2034,147.177578986049,"withdrawal"
"IN",2036,75.0191911462331,"withdrawal"
"IN",2038,56.9735745888097,"withdrawal"
"IN",2040,48.8610978926075,"withdrawal"
"IN",2042,43.1030734573774,"withdrawal"
"IN",2044,38.4878864691313,"withdrawal"
"IN",2046,41.8342524649679,"withdrawal"
"IN",2048,42.2920488530034,"withdrawal"
"IN",2050,43.4683902604208,"withdrawal"
"KS",2010,219.022371390767,"withdrawal"
"KS",2012,182.738632727532,"withdrawal"
"KS",2014,143.520803361005,"withdrawal"
"KS",2016,99.5184575154537,"withdrawal"
"KS",2018,88.3144201734863,"withdrawal"
"KS",2020,87.2945375261075,"withdrawal"
"KS",2022,83.4831207242915,"withdrawal"
"KS",2024,81.0015706557792,"withdrawal"
"KS",2026,77.440859244564,"withdrawal"
"KS",2028,70.4351023811236,"withdrawal"
"KS",2030,66.6404600495256,"withdrawal"
"KS",2032,65.9183092083549,"withdrawal"
"KS",2034,66.3996957898016,"withdrawal"
"KS",2036,67.0603903188621,"withdrawal"
"KS",2038,67.1119060548065,"withdrawal"
"KS",2040,66.8026850094462,"withdrawal"
"KS",2042,66.9367514875458,"withdrawal"
"KS",2044,66.9395172821971,"withdrawal"
"KS",2046,2.3063139630257,"withdrawal"
"KS",2048,1.93653815289075,"withdrawal"
"KS",2050,1.56731886090656,"withdrawal"
"KY",2010,476.038152371384,"withdrawal"
"KY",2012,455.243525510482,"withdrawal"
"KY",2014,430.536740929243,"withdrawal"
"KY",2016,178.678736207233,"withdrawal"
"KY",2018,167.437737021338,"withdrawal"
"KY",2020,135.827976308413,"withdrawal"
"KY",2022,49.6999508359265,"withdrawal"
"KY",2024,48.3639883393208,"withdrawal"
"KY",2026,47.9987408208277,"withdrawal"
"KY",2028,43.5386103390848,"withdrawal"
"KY",2030,35.1465632268908,"withdrawal"
"KY",2032,30.4852230592525,"withdrawal"
"KY",2034,26.8696247285384,"withdrawal"
"KY",2036,25.907745831772,"withdrawal"
"KY",2038,25.0590031108424,"withdrawal"
"KY",2040,24.7355143688462,"withdrawal"
"KY",2042,25.3971994261439,"withdrawal"
"KY",2044,25.4357844532746,"withdrawal"
"KY",2046,25.2917614995232,"withdrawal"
"KY",2048,25.8678928073087,"withdrawal"
"KY",2050,27.561530392688,"withdrawal"
"LA",2010,605.200546892487,"withdrawal"
"LA",2012,519.346983727278,"withdrawal"
"LA",2014,651.639175285044,"withdrawal"
"LA",2016,569.540592968316,"withdrawal"
"LA",2018,581.555263204193,"withdrawal"
"LA",2020,588.799183377703,"withdrawal"
"LA",2022,590.438269004453,"withdrawal"
"LA",2024,585.460858283777,"withdrawal"
"LA",2026,584.58082682315,"withdrawal"
"LA",2028,587.333700188896,"withdrawal"
"LA",2030,575.860908539918,"withdrawal"
"LA",2032,562.666936377714,"withdrawal"
"LA",2034,550.718727094729,"withdrawal"
"LA",2036,534.57659099486,"withdrawal"
"LA",2038,516.432295145479,"withdrawal"
"LA",2040,507.607018411289,"withdrawal"
"LA",2042,507.849020145894,"withdrawal"
"LA",2044,509.203503944337,"withdrawal"
"LA",2046,98.6953682067284,"withdrawal"
"LA",2048,101.998740427371,"withdrawal"
"LA",2050,93.3245001512579,"withdrawal"
"MA",2010,452.717895433728,"withdrawal"
"MA",2012,243.183208371706,"withdrawal"
"MA",2014,518.636035358987,"withdrawal"
"MA",2016,396.422649282565,"withdrawal"
"MA",2018,239.063394401282,"withdrawal"
"MA",2020,1.73483198090626,"withdrawal"
"MA",2022,2.36366938727048,"withdrawal"
"MA",2024,2.33209542857762,"withdrawal"
"MA",2026,1.98457887942402,"withdrawal"
"MA",2028,1.93847695251599,"withdrawal"
"MA",2030,1.84062640010041,"withdrawal"
"MA",2032,1.64523451443087,"withdrawal"
"MA",2034,1.29517467948701,"withdrawal"
"MA",2036,1.25924354231571,"withdrawal"
"MA",2038,1.19174449166492,"withdrawal"
"MA",2040,1.08069425917656,"withdrawal"
"MA",2042,1.04170918253677,"withdrawal"
"MA",2044,1.08245623709731,"withdrawal"
"MA",2046,1.12041727513049,"withdrawal"
"MA",2048,0.98547313465429,"withdrawal"
"MA",2050,0.728623834516403,"withdrawal"
"MD",2010,1469.37214371743,"withdrawal"
"MD",2012,1387.21621355324,"withdrawal"
"MD",2014,1116.44613067658,"withdrawal"
"MD",2016,1044.8019609491,"withdrawal"
"MD",2018,1003.15515563215,"withdrawal"
"MD",2020,869.369914521501,"withdrawal"
"MD",2022,715.364093634264,"withdrawal"
"MD",2024,708.667159539341,"withdrawal"
"MD",2026,700.896036656171,"withdrawal"
"MD",2028,708.473804414229,"withdrawal"
"MD",2030,635.758069114322,"withdrawal"
"MD",2032,611.405290863567,"withdrawal"
"MD",2034,603.95557108899,"withdrawal"
"MD",2036,297.999232796901,"withdrawal"
"MD",2038,2.0865422965082,"withdrawal"
"MD",2040,2.01081223282765,"withdrawal"
"MD",2042,2.62956298253497,"withdrawal"
"MD",2044,2.33765143836605,"withdrawal"
"MD",2046,1.81055521053444,"withdrawal"
"MD",2048,0.826659971935527,"withdrawal"
"MD",2050,0.548872051888506,"withdrawal"
"ME",2010,35.5789930680532,"withdrawal"
"ME",2012,20.5548595734739,"withdrawal"
"ME",2014,19.0255370179294,"withdrawal"
"ME",2016,19.5020943351845,"withdrawal"
"ME",2018,18.703394081708,"withdrawal"
"ME",2020,18.9899054704361,"withdrawal"
"ME",2022,19.0607778458105,"withdrawal"
"ME",2024,19.5129565502713,"withdrawal"
"ME",2026,19.4830137070763,"withdrawal"
"ME",2028,19.5021525455315,"withdrawal"
"ME",2030,19.4383104692361,"withdrawal"
"ME",2032,19.2968602147877,"withdrawal"
"ME",2034,18.9123146434409,"withdrawal"
"ME",2036,18.9589347424501,"withdrawal"
"ME",2038,18.4661266421713,"withdrawal"
"ME",2040,1.39749601518873,"withdrawal"
"ME",2042,1.36403707330041,"withdrawal"
"ME",2044,1.30520754369636,"withdrawal"
"ME",2046,1.31240634496327,"withdrawal"
"ME",2048,1.3395966507293,"withdrawal"
"ME",2050,1.29345514107978,"withdrawal"
"MI",2010,3342.53248440528,"withdrawal"
"MI",2012,3071.31527858436,"withdrawal"
"MI",2014,3234.15356498878,"withdrawal"
"MI",2016,2686.21021438797,"withdrawal"
"MI",2018,2679.94642200023,"withdrawal"
"MI",2020,2480.65569683874,"withdrawal"
"MI",2022,1771.4076032094,"withdrawal"
"MI",2024,1411.03766624039,"withdrawal"
"MI",2026,1213.06413968639,"withdrawal"
"MI",2028,1121.12086092559,"withdrawal"
"MI",2030,879.291227864808,"withdrawal"
"MI",2032,931.592395211533,"withdrawal"
"MI",2034,825.373426250329,"withdrawal"
"MI",2036,792.250478799208,"withdrawal"
"MI",2038,786.769001060048,"withdrawal"
"MI",2040,786.215629308502,"withdrawal"
"MI",2042,789.888409934177,"withdrawal"
"MI",2044,790.437344258637,"withdrawal"
"MI",2046,790.82945436934,"withdrawal"
"MI",2048,784.3201757052,"withdrawal"
"MI",2050,781.34471445744,"withdrawal"
"MN",2010,694.988286363383,"withdrawal"
"MN",2012,731.667286488855,"withdrawal"
"MN",2014,693.656833552312,"withdrawal"
"MN",2016,630.96094612876,"withdrawal"
"MN",2018,615.33677274089,"withdrawal"
"MN",2020,593.44395095855,"withdrawal"
"MN",2022,612.477431749626,"withdrawal"
"MN",2024,620.619400081074,"withdrawal"
"MN",2026,617.136025419831,"withdrawal"
"MN",2028,607.419935103253,"withdrawal"
"MN",2030,570.496839921061,"withdrawal"
"MN",2032,523.125624721399,"withdrawal"
"MN",2034,404.898360149912,"withdrawal"
"MN",2036,397.881548115676,"withdrawal"
"MN",2038,395.964963989031,"withdrawal"
"MN",2040,395.848223595167,"withdrawal"
"MN",2042,398.002519705359,"withdrawal"
"MN",2044,397.140479145187,"withdrawal"
"MN",2046,399.093765275176,"withdrawal"
"MN",2048,398.381469305158,"withdrawal"
"MN",2050,398.77401502035,"withdrawal"
"MO",2010,2299.60010577849,"withdrawal"
"MO",2012,1890.66095648828,"withdrawal"
"MO",2014,2191.96876898686,"withdrawal"
"MO",2016,1935.96583632598,"withdrawal"
"MO",2018,1928.40395771514,"withdrawal"
"MO",2020,1773.32881325409,"withdrawal"
"MO",2022,1153.44458565644,"withdrawal"
"MO",2024,1219.90089592379,"withdrawal"
"MO",2026,1170.35332751049,"withdrawal"
"MO",2028,1094.34300305679,"withdrawal"
"MO",2030,611.965668671929,"withdrawal"
"MO",2032,469.733588362152,"withdrawal"
"MO",2034,187.918942692937,"withdrawal"
"MO",2036,150.18325847403,"withdrawal"
"MO",2038,142.083187086158,"withdrawal"
"MO",2040,135.029225965127,"withdrawal"
"MO",2042,132.374220581179,"withdrawal"
"MO",2044,135.931216344838,"withdrawal"
"MO",2046,179.155213367259,"withdrawal"
"MO",2048,169.302950107664,"withdrawal"
"MO",2050,166.825031139902,"withdrawal"
"MS",2010,34.1045774635004,"withdrawal"
"MS",2012,25.4860638619593,"withdrawal"
"MS",2014,35.0628561318537,"withdrawal"
"MS",2016,26.6791081951233,"withdrawal"
"MS",2018,26.1671400553773,"withdrawal"
"MS",2020,26.7319796763239,"withdrawal"
"MS",2022,28.1387421666608,"withdrawal"
"MS",2024,28.1636389436008,"withdrawal"
"MS",2026,27.5166618593953,"withdrawal"
"MS",2028,23.5401924325532,"withdrawal"
"MS",2030,21.2817946308743,"withdrawal"
"MS",2032,19.1176103230629,"withdrawal"
"MS",2034,17.1538365838991,"withdrawal"
"MS",2036,15.5236599355226,"withdrawal"
"MS",2038,14.4426747265836,"withdrawal"
"MS",2040,13.8468190486162,"withdrawal"
"MS",2042,15.3855826165753,"withdrawal"
"MS",2044,15.2516787897211,"withdrawal"
"MS",2046,3.43746222355567,"withdrawal"
"MS",2048,3.35473864414174,"withdrawal"
"MS",2050,4.13377599152057,"withdrawal"
"MT",2010,63.7012896746263,"withdrawal"
"MT",2012,34.4142461387784,"withdrawal"
"MT",2014,40.8673625838612,"withdrawal"
"MT",2016,4.90667704261067,"withdrawal"
"MT",2018,10.5721209928168,"withdrawal"
"MT",2020,10.5726064835572,"withdrawal"
"MT",2022,5.616750744482,"withdrawal"
"MT",2024,6.79610935747821,"withdrawal"
"MT",2026,8.9879811402351,"withdrawal"
"MT",2028,9.67991687457784,"withdrawal"
"MT",2030,9.27666575521255,"withdrawal"
"MT",2032,9.09800766524814,"withdrawal"
"MT",2034,8.1670123667867,"withdrawal"
"MT",2036,6.36649910593817,"withdrawal"
"MT",2038,5.95488965083352,"withdrawal"
"MT",2040,5.52644457334909,"withdrawal"
"MT",2042,4.48804781565512,"withdrawal"
"MT",2044,3.73083664613497,"withdrawal"
"MT",2046,3.24326241363464,"withdrawal"
"MT",2048,2.78606701570332,"withdrawal"
"MT",2050,2.41828316520028,"withdrawal"
"NC",2010,3072.8402383249,"withdrawal"
"NC",2012,2585.73448913106,"withdrawal"
"NC",2014,2909.08066733427,"withdrawal"
"NC",2016,3006.22843224274,"withdrawal"
"NC",2018,2834.89713388733,"withdrawal"
"NC",2020,2292.62891358773,"withdrawal"
"NC",2022,1970.38843071564,"withdrawal"
"NC",2024,1868.06468802941,"withdrawal"
"NC",2026,1873.24846093281,"withdrawal"
"NC",2028,1780.39340980061,"withdrawal"
"NC",2030,1641.33937611126,"withdrawal"
"NC",2032,1609.86812107849,"withdrawal"
"NC",2034,1573.9462794255,"withdrawal"
"NC",2036,1537.75420341494,"withdrawal"
"NC",2038,1528.6280548858,"withdrawal"
"NC",2040,1527.21098939899,"withdrawal"
"NC",2042,1534.71954501478,"withdrawal"
"NC",2044,1535.31490962127,"withdrawal"
"NC",2046,1537.48529819036,"withdrawal"
"NC",2048,1528.52868150145,"withdrawal"
"NC",2050,1521.40407944167,"withdrawal"
"ND",2010,267.887727766212,"withdrawal"
"ND",2012,262.515292999039,"withdrawal"
"ND",2014,212.558550526585,"withdrawal"
"ND",2016,68.4144771066253,"withdrawal"
"ND",2018,50.2336090491851,"withdrawal"
"ND",2020,14.7131456774306,"withdrawal"
"ND",2022,10.3216850124446,"withdrawal"
"ND",2024,8.92470494407335,"withdrawal"
"ND",2026,4.84199799993752,"withdrawal"
"ND",2028,3.91790133842966,"withdrawal"
"ND",2030,1.30926404179699,"withdrawal"
"ND",2032,0.450990408704687,"withdrawal"
"ND",2034,0.00212553151274006,"withdrawal"
"ND",2036,0.00218459894639193,"withdrawal"
"ND",2038,0.00224275206000195,"withdrawal"
"ND",2040,0.00232493040013379,"withdrawal"
"ND",2042,0.00239943820529655,"withdrawal"
"ND",2044,0.00250034037916291,"withdrawal"
"ND",2046,0.00259545905753762,"withdrawal"
"ND",2048,0.00269178161680786,"withdrawal"
"ND",2050,0.00272798991042152,"withdrawal"
"NE",2010,1014.24461811071,"withdrawal"
"NE",2012,847.471432039559,"withdrawal"
"NE",2014,1036.5334675365,"withdrawal"
"NE",2016,851.845478921134,"withdrawal"
"NE",2018,831.64200685214,"withdrawal"
"NE",2020,722.876393067078,"withdrawal"
"NE",2022,575.836459223293,"withdrawal"
"NE",2024,540.444134267175,"withdrawal"
"NE",2026,479.774280187155,"withdrawal"
"NE",2028,395.384321155019,"withdrawal"
"NE",2030,317.727430802966,"withdrawal"
"NE",2032,288.517831988248,"withdrawal"
"NE",2034,6.94190173720721,"withdrawal"
"NE",2036,3.85449545576975,"withdrawal"
"NE",2038,3.38309730588659,"withdrawal"
"NE",2040,3.0645334488416,"withdrawal"
"NE",2042,3.06911446937817,"withdrawal"
"NE",2044,3.06918493179681,"withdrawal"
"NE",2046,3.72454547895153,"withdrawal"
"NE",2048,3.59806765388404,"withdrawal"
"NE",2050,3.41798585859886,"withdrawal"
"NH",2010,464.922705412883,"withdrawal"
"NH",2012,444.103110008456,"withdrawal"
"NH",2014,566.063524163181,"withdrawal"
"NH",2016,445.423701266534,"withdrawal"
"NH",2018,443.84867036065,"withdrawal"
"NH",2020,444.17100379667,"withdrawal"
"NH",2022,445.117759726299,"withdrawal"
"NH",2024,446.817804924691,"withdrawal"
"NH",2026,445.900876340044,"withdrawal"
"NH",2028,444.726881438716,"withdrawal"
"NH",2030,444.181738807502,"withdrawal"
"NH",2032,444.172914203425,"withdrawal"
"NH",2034,445.28795921325,"withdrawal"
"NH",2036,444.6697975999,"withdrawal"
"NH",2038,445.89538064543,"withdrawal"
"NH",2040,445.8533063245,"withdrawal"
"NH",2042,445.761767169581,"withdrawal"
"NH",2044,445.334175959609,"withdrawal"
"NH",2046,445.799473236117,"withdrawal"
"NH",2048,445.287900363179,"withdrawal"
"NH",2050,11.7411957593074,"withdrawal"
"NJ",2010,593.879271308406,"withdrawal"
"NJ",2012,352.650789512825,"withdrawal"
"NJ",2014,489.738343250246,"withdrawal"
"NJ",2016,304.200158084658,"withdrawal"
"NJ",2018,104.406043578588,"withdrawal"
"NJ",2020,103.665208980901,"withdrawal"
"NJ",2022,105.698864482997,"withdrawal"
"NJ",2024,105.650989080737,"withdrawal"
"NJ",2026,104.888874850233,"withdrawal"
"NJ",2028,103.795012698989,"withdrawal"
"NJ",2030,103.081884597147,"withdrawal"
"NJ",2032,102.871364621108,"withdrawal"
"NJ",2034,102.195656067319,"withdrawal"
"NJ",2036,99.0976665795414,"withdrawal"
"NJ",2038,83.1245690185652,"withdrawal"
"NJ",2040,83.1414709775339,"withdrawal"
"NJ",2042,77.5713964864252,"withdrawal"
"NJ",2044,72.7415290488327,"withdrawal"
"NJ",2046,69.575733067227,"withdrawal"
"NJ",2048,69.8301890772043,"withdrawal"
"NJ",2050,70.574500850345,"withdrawal"
"NM",2010,204.699118447607,"withdrawal"
"NM",2012,205.047823882443,"withdrawal"
"NM",2014,154.24269790006,"withdrawal"
"NM",2016,152.385207469896,"withdrawal"
"NM",2018,147.790486961591,"withdrawal"
"NM",2020,147.735410257028,"withdrawal"
"NM",2022,147.794001856089,"withdrawal"
"NM",2024,147.873507006728,"withdrawal"
"NM",2026,147.898368997271,"withdrawal"
"NM",2028,147.862450627623,"withdrawal"
"NM",2030,147.87781067346,"withdrawal"
"NM",2032,147.809075677413,"withdrawal"
"NM",2034,147.81358926195,"withdrawal"
"NM",2036,147.112319781699,"withdrawal"
"NM",2038,147.457950985047,"withdrawal"
"NM",2040,147.513962771392,"withdrawal"
"NM",2042,147.291292094887,"withdrawal"
"NM",2044,78.5281483556822,"withdrawal"
"NM",2046,10.8493693497603,"withdrawal"
"NM",2048,13.9769262278577,"withdrawal"
"NM",2050,13.868444463099,"withdrawal"
"NV",2010,13.0291938403185,"withdrawal"
"NV",2012,13.782273978062,"withdrawal"
"NV",2014,9.91375511798861,"withdrawal"
"NV",2016,10.4097656664494,"withdrawal"
"NV",2018,8.74531332787799,"withdrawal"
"NV",2020,8.60325219711639,"withdrawal"
"NV",2022,7.42680011792561,"withdrawal"
"NV",2024,8.15753152465724,"withdrawal"
"NV",2026,8.42874354456029,"withdrawal"
"NV",2028,8.02345144691594,"withdrawal"
"NV",2030,9.37381551162441,"withdrawal"
"NV",2032,10.5581750152924,"withdrawal"
"NV",2034,9.55986715061569,"withdrawal"
"NV",2036,12.649268926472,"withdrawal"
"NV",2038,12.1600840419978,"withdrawal"
"NV",2040,14.2294783483726,"withdrawal"
"NV",2042,17.5111331723463,"withdrawal"
"NV",2044,15.686143922984,"withdrawal"
"NV",2046,17.4440199462665,"withdrawal"
"NV",2048,15.9319896369263,"withdrawal"
"NV",2050,15.9575034563973,"withdrawal"
"NY",2010,1601.49235034455,"withdrawal"
"NY",2012,1377.23191016225,"withdrawal"
"NY",2014,1381.10310041383,"withdrawal"
"NY",2016,1117.20144346925,"withdrawal"
"NY",2018,1173.30490299191,"withdrawal"
"NY",2020,764.131967175081,"withdrawal"
"NY",2022,356.406849446163,"withdrawal"
"NY",2024,335.038744985372,"withdrawal"
"NY",2026,312.529443996365,"withdrawal"
"NY",2028,300.120293989484,"withdrawal"
"NY",2030,90.7306709309086,"withdrawal"
"NY",2032,89.181089939982,"withdrawal"
"NY",2034,80.527990579808,"withdrawal"
"NY",2036,74.7237258365795,"withdrawal"
"NY",2038,58.7023679619007,"withdrawal"
"NY",2040,55.3312693014172,"withdrawal"
"NY",2042,56.1637256880194,"withdrawal"
"NY",2044,54.7129754669781,"withdrawal"
"NY",2046,53.0501541305282,"withdrawal"
"NY",2048,44.6381223846981,"withdrawal"
"NY",2050,44.5147850342998,"withdrawal"
"OH",2010,2598.22699179652,"withdrawal"
"OH",2012,1909.2206842366,"withdrawal"
"OH",2014,1987.25164965205,"withdrawal"
"OH",2016,1735.71114427972,"withdrawal"
"OH",2018,1274.13437856608,"withdrawal"
"OH",2020,993.946165203855,"withdrawal"
"OH",2022,883.885594133092,"withdrawal"
"OH",2024,832.336329173526,"withdrawal"
"OH",2026,779.27406819751,"withdrawal"
"OH",2028,719.999759360954,"withdrawal"
"OH",2030,353.214890095131,"withdrawal"
"OH",2032,286.494323083125,"withdrawal"
"OH",2034,65.2785916396227,"withdrawal"
"OH",2036,48.4025614076216,"withdrawal"
"OH",2038,52.6061588803871,"withdrawal"
"OH",2040,55.7915280180611,"withdrawal"
"OH",2042,56.6019098181795,"withdrawal"
"OH",2044,56.4391690144895,"withdrawal"
"OH",2046,58.0582609741473,"withdrawal"
"OH",2048,57.7944869949227,"withdrawal"
"OH",2050,58.0201388217704,"withdrawal"
"OK",2010,137.603091490755,"withdrawal"
"OK",2012,106.246915643198,"withdrawal"
"OK",2014,108.788196582263,"withdrawal"
"OK",2016,55.364741652013,"withdrawal"
"OK",2018,29.8107914343487,"withdrawal"
"OK",2020,27.3748179429647,"withdrawal"
"OK",2022,31.593081035723,"withdrawal"
"OK",2024,30.9918114982697,"withdrawal"
"OK",2026,28.9071625492928,"withdrawal"
"OK",2028,17.3286523108928,"withdrawal"
"OK",2030,14.388193498018,"withdrawal"
"OK",2032,10.8209426769385,"withdrawal"
"OK",2034,4.63708644480084,"withdrawal"
"OK",2036,2.86191825149212,"withdrawal"
"OK",2038,2.65115068151391,"withdrawal"
"OK",2040,2.48197458362582,"withdrawal"
"OK",2042,3.79820362151721,"withdrawal"
"OK",2044,4.34698451526626,"withdrawal"
"OK",2046,3.64118449460686,"withdrawal"
"OK",2048,3.45793743919342,"withdrawal"
"OK",2050,2.72190366169052,"withdrawal"
"OR",2010,55.4028956894329,"withdrawal"
"OR",2012,53.4371247832698,"withdrawal"
"OR",2014,54.1756204588125,"withdrawal"
"OR",2016,21.4842403248288,"withdrawal"
"OR",2018,45.2475217567041,"withdrawal"
"OR",2020,58.1062599480922,"withdrawal"
"OR",2022,23.9517559995219,"withdrawal"
"OR",2024,26.5043837215923,"withdrawal"
"OR",2026,28.5972443093644,"withdrawal"
"OR",2028,30.6977692095542,"withdrawal"
"OR",2030,31.9249099957062,"withdrawal"
"OR",2032,32.80691325435,"withdrawal"
"OR",2034,34.4039816376564,"withdrawal"
"OR",2036,34.1798962376715,"withdrawal"
"OR",2038,34.9301924933649,"withdrawal"
"OR",2040,35.3959795059602,"withdrawal"
"OR",2042,36.0075808878127,"withdrawal"
"OR",2044,35.0595834214715,"withdrawal"
"OR",2046,34.861445556655,"withdrawal"
"OR",2048,36.1523736439043,"withdrawal"
"OR",2050,36.2996522123394,"withdrawal"
"PA",2010,1989.98796058109,"withdrawal"
"PA",2012,1482.70795569955,"withdrawal"
"PA",2014,1477.14298078222,"withdrawal"
"PA",2016,1285.3465495474,"withdrawal"
"PA",2018,1424.3367698658,"withdrawal"
"PA",2020,1478.78632166908,"withdrawal"
"PA",2022,1282.18840148724,"withdrawal"
"PA",2024,1234.44070615729,"withdrawal"
"PA",2026,1230.41943825608,"withdrawal"
"PA",2028,1227.81622061122,"withdrawal"
"PA",2030,1079.95512570797,"withdrawal"
"PA",2032,1027.65276189338,"withdrawal"
"PA",2034,1016.23479373798,"withdrawal"
"PA",2036,1012.65355906822,"withdrawal"
"PA",2038,1014.41897712987,"withdrawal"
"PA",2040,1014.7856348491,"withdrawal"
"PA",2042,1016.18402345195,"withdrawal"
"PA",2044,1017.66964562864,"withdrawal"
"PA",2046,1014.96520464136,"withdrawal"
"PA",2048,1019.03540103175,"withdrawal"
"PA",2050,1011.00687858413,"withdrawal"
"RI",2010,28.2234583456832,"withdrawal"
"RI",2012,27.5706543341161,"withdrawal"
"RI",2014,21.4520293711851,"withdrawal"
"RI",2016,21.0424592936189,"withdrawal"
"RI",2018,6.19675186395732,"withdrawal"
"RI",2020,8.66163939059674,"withdrawal"
"RI",2022,8.99643871254762,"withdrawal"
"RI",2024,8.98075025900359,"withdrawal"
"RI",2026,8.50963039186815,"withdrawal"
"RI",2028,7.3897719552583,"withdrawal"
"RI",2030,7.03372699049625,"withdrawal"
"RI",2032,6.77626146439601,"withdrawal"
"RI",2034,5.92570156996011,"withdrawal"
"RI",2036,5.09501977785783,"withdrawal"
"RI",2038,5.06418697060189,"withdrawal"
"RI",2040,3.29354908808683,"withdrawal"
"RI",2042,3.29354638208061,"withdrawal"
"RI",2044,3.29354371599896,"withdrawal"
"RI",2046,3.50781345887165,"withdrawal"
"RI",2048,2.56289914611383,"withdrawal"
"RI",2050,1.64791875157091,"withdrawal"
"SC",2010,2294.12754318747,"withdrawal"
"SC",2012,2085.60170663747,"withdrawal"
"SC",2014,2137.76546988116,"withdrawal"
"SC",2016,2120.19501334523,"withdrawal"
"SC",2018,2069.45506913075,"withdrawal"
"SC",2020,2057.17926232659,"withdrawal"
"SC",2022,2008.22211395137,"withdrawal"
"SC",2024,1994.72642099041,"withdrawal"
"SC",2026,1990.7333885868,"withdrawal"
"SC",2028,1985.46397336613,"withdrawal"
"SC",2030,1885.96239017236,"withdrawal"
"SC",2032,1816.745313646,"withdrawal"
"SC",2034,1807.66866356379,"withdrawal"
"SC",2036,1796.9202120115,"withdrawal"
"SC",2038,1797.87524445768,"withdrawal"
"SC",2040,1797.59977515571,"withdrawal"
"SC",2042,1784.28215988277,"withdrawal"
"SC",2044,1731.14268876132,"withdrawal"
"SC",2046,1730.16130794434,"withdrawal"
"SC",2048,1730.21812417728,"withdrawal"
"SC",2050,1730.45744448364,"withdrawal"
"SD",2010,3.68489217504555,"withdrawal"
"SD",2012,3.76171133829127,"withdrawal"
"SD",2014,3.56873224126448,"withdrawal"
"SD",2016,3.86907061119704,"withdrawal"
"SD",2018,3.38036720859424,"withdrawal"
"SD",2020,1.33253767691443,"withdrawal"
"SD",2022,1.28157635045858,"withdrawal"
"SD",2024,1.04401296900523,"withdrawal"
"SD",2026,0.865330439673391,"withdrawal"
"SD",2028,0.723326028812371,"withdrawal"
"SD",2030,0.556638600824414,"withdrawal"
"SD",2032,0.397407888610367,"withdrawal"
"SD",2034,0.313187938673028,"withdrawal"
"SD",2036,0.192796748489218,"withdrawal"
"SD",2038,0.192839216597021,"withdrawal"
"SD",2040,0.183826979349166,"withdrawal"
"SD",2042,0.161265147247498,"withdrawal"
"SD",2044,0.161320641620867,"withdrawal"
"SD",2046,0.144064644249631,"withdrawal"
"SD",2048,0.14676098406412,"withdrawal"
"SD",2050,0.125375078176809,"withdrawal"
"TN",2010,974.301776828808,"withdrawal"
"TN",2012,347.227944568021,"withdrawal"
"TN",2014,581.280158629904,"withdrawal"
"TN",2016,364.983449053259,"withdrawal"
"TN",2018,424.328047997668,"withdrawal"
"TN",2020,432.488034434554,"withdrawal"
"TN",2022,371.738956411379,"withdrawal"
"TN",2024,356.216224396605,"withdrawal"
"TN",2026,318.407667606454,"withdrawal"
"TN",2028,237.846276793489,"withdrawal"
"TN",2030,228.392154996815,"withdrawal"
"TN",2032,219.21136952472,"withdrawal"
"TN",2034,195.984108770899,"withdrawal"
"TN",2036,177.932377001082,"withdrawal"
"TN",2038,177.313363862294,"withdrawal"
"TN",2040,178.343825744558,"withdrawal"
"TN",2042,179.412161180121,"withdrawal"
"TN",2044,180.418162786101,"withdrawal"
"TN",2046,177.467071381343,"withdrawal"
"TN",2048,177.474675525033,"withdrawal"
"TN",2050,172.929130636495,"withdrawal"
"TX",2010,1744.072765707,"withdrawal"
"TX",2012,1505.07553169676,"withdrawal"
"TX",2014,1492.14408599155,"withdrawal"
"TX",2016,782.239278600292,"withdrawal"
"TX",2018,817.314234799139,"withdrawal"
"TX",2020,763.647411367759,"withdrawal"
"TX",2022,741.014663445398,"withdrawal"
"TX",2024,721.310201065745,"withdrawal"
"TX",2026,687.455087952657,"withdrawal"
"TX",2028,640.278167037306,"withdrawal"
"TX",2030,566.854871549466,"withdrawal"
"TX",2032,535.45721240489,"withdrawal"
"TX",2034,476.519487440808,"withdrawal"
"TX",2036,439.241718316324,"withdrawal"
"TX",2038,428.417405581407,"withdrawal"
"TX",2040,414.740629545902,"withdrawal"
"TX",2042,437.815420938387,"withdrawal"
"TX",2044,432.96296838436,"withdrawal"
"TX",2046,433.142008396246,"withdrawal"
"TX",2048,433.944288185999,"withdrawal"
"TX",2050,366.637063199572,"withdrawal"
"UT",2010,36.1654116187279,"withdrawal"
"UT",2012,36.5461948850443,"withdrawal"
"UT",2014,37.0389454021884,"withdrawal"
"UT",2016,36.0887145448329,"withdrawal"
"UT",2018,36.3942190912326,"withdrawal"
"UT",2020,35.6062252273168,"withdrawal"
"UT",2022,35.2442994024435,"withdrawal"
"UT",2024,35.1965508294822,"withdrawal"
"UT",2026,36.1508370689322,"withdrawal"
"UT",2028,36.1429722994677,"withdrawal"
"UT",2030,36.1099763822119,"withdrawal"
"UT",2032,36.0614920462111,"withdrawal"
"UT",2034,36.0809178060487,"withdrawal"
"UT",2036,35.9593776123339,"withdrawal"
"UT",2038,35.5860365322722,"withdrawal"
"UT",2040,35.4512322268578,"withdrawal"
"UT",2042,35.3942447617333,"withdrawal"
"UT",2044,35.6194430776127,"withdrawal"
"UT",2046,35.9966943310332,"withdrawal"
"UT",2048,36.28428289167,"withdrawal"
"UT",2050,33.6973404080415,"withdrawal"
"VA",2010,2023.94436473912,"withdrawal"
"VA",2012,1528.99970718073,"withdrawal"
"VA",2014,1584.126377038,"withdrawal"
"VA",2016,1394.18766385971,"withdrawal"
"VA",2018,1297.99320237725,"withdrawal"
"VA",2020,1315.61860800505,"withdrawal"
"VA",2022,1336.29950882739,"withdrawal"
"VA",2024,1335.32602185798,"withdrawal"
"VA",2026,1321.5426995993,"withdrawal"
"VA",2028,1315.52168132702,"withdrawal"
"VA",2030,1313.63077521366,"withdrawal"
"VA",2032,1304.86618175437,"withdrawal"
"VA",2034,1296.85850858332,"withdrawal"
"VA",2036,1293.14794877483,"withdrawal"
"VA",2038,1295.51324840177,"withdrawal"
"VA",2040,1295.33865968298,"withdrawal"
"VA",2042,1285.91084874714,"withdrawal"
"VA",2044,1274.8791382989,"withdrawal"
"VA",2046,1275.429512417,"withdrawal"
"VA",2048,1278.14330864773,"withdrawal"
"VA",2050,1276.06933940601,"withdrawal"
"VT",2010,217.641521835201,"withdrawal"
"VT",2012,217.40588433539,"withdrawal"
"VT",2014,0.459403566816632,"withdrawal"
"VT",2016,0.459466468457527,"withdrawal"
"VT",2018,0.39473953657354,"withdrawal"
"VT",2020,0.394913961760081,"withdrawal"
"VT",2022,0.394926892600261,"withdrawal"
"VT",2024,0.394930111677,"withdrawal"
"VT",2026,0.394933827298966,"withdrawal"
"VT",2028,0.394941796100464,"withdrawal"
"VT",2030,0.394950727175513,"withdrawal"
"VT",2032,0.394959370618255,"withdrawal"
"VT",2034,0.116186050217323,"withdrawal"
"VT",2036,0.116189941888546,"withdrawal"
"VT",2038,0.2928090439194,"withdrawal"
"VT",2040,0.531608365016623,"withdrawal"
"VT",2042,0.49742952379827,"withdrawal"
"VT",2044,0.760448870273312,"withdrawal"
"VT",2046,0.889328875776618,"withdrawal"
"VT",2048,0.896678540826161,"withdrawal"
"VT",2050,0.751372104008783,"withdrawal"
"WA",2010,22.6869523452136,"withdrawal"
"WA",2012,17.8486274042918,"withdrawal"
"WA",2014,21.9778257939774,"withdrawal"
"WA",2016,15.8870975371936,"withdrawal"
"WA",2018,20.8952772675138,"withdrawal"
"WA",2020,16.8027606871309,"withdrawal"
"WA",2022,18.2936490120926,"withdrawal"
"WA",2024,18.4610625234134,"withdrawal"
"WA",2026,13.6020690465391,"withdrawal"
"WA",2028,13.6020709912133,"withdrawal"
"WA",2030,13.5985433700005,"withdrawal"
"WA",2032,13.8100746804716,"withdrawal"
"WA",2034,14.062914935221,"withdrawal"
"WA",2036,14.6759814704645,"withdrawal"
"WA",2038,16.3435649138235,"withdrawal"
"WA",2040,16.6483181173911,"withdrawal"
"WA",2042,18.3220533576027,"withdrawal"
"WA",2044,10.2391669034373,"withdrawal"
"WA",2046,10.7696197619469,"withdrawal"
"WA",2048,10.7118393016777,"withdrawal"
"WA",2050,11.3454355052077,"withdrawal"
"WI",2010,1390.4713556906,"withdrawal"
"WI",2012,1274.65268622705,"withdrawal"
"WI",2014,1177.13429646073,"withdrawal"
"WI",2016,1084.95370725348,"withdrawal"
"WI",2018,1053.58643495466,"withdrawal"
"WI",2020,945.882416089899,"withdrawal"
"WI",2022,730.297969283068,"withdrawal"
"WI",2024,743.067592795743,"withdrawal"
"WI",2026,725.189622869426,"withdrawal"
"WI",2028,701.759229861681,"withdrawal"
"WI",2030,434.809205971375,"withdrawal"
"WI",2032,171.019811306955,"withdrawal"
"WI",2034,106.099701140838,"withdrawal"
"WI",2036,57.7279799962711,"withdrawal"
"WI",2038,53.61076606855,"withdrawal"
"WI",2040,52.3654899464109,"withdrawal"
"WI",2042,52.7531849202178,"withdrawal"
"WI",2044,53.8522942676706,"withdrawal"
"WI",2046,55.9717107395086,"withdrawal"
"WI",2048,57.4819675240828,"withdrawal"
"WI",2050,53.1755140916998,"withdrawal"
"WV",2010,637.442228680756,"withdrawal"
"WV",2012,524.864036618572,"withdrawal"
"WV",2014,604.284500583737,"withdrawal"
"WV",2016,235.949444078174,"withdrawal"
"WV",2018,225.24840871461,"withdrawal"
"WV",2020,220.046272426409,"withdrawal"
"WV",2022,218.004428074401,"withdrawal"
"WV",2024,209.585477146082,"withdrawal"
"WV",2026,206.163439750681,"withdrawal"
"WV",2028,198.591395479827,"withdrawal"
"WV",2030,167.623319755196,"withdrawal"
"WV",2032,122.482226757974,"withdrawal"
"WV",2034,82.2435070640881,"withdrawal"
"WV",2036,63.715414970321,"withdrawal"
"WV",2038,30.0322214901815,"withdrawal"
"WV",2040,6.53760448542972,"withdrawal"
"WV",2042,3.09117640739708,"withdrawal"
"WV",2044,3.053301127602,"withdrawal"
"WV",2046,3.05138950935044,"withdrawal"
"WV",2048,3.06084647916728,"withdrawal"
"WV",2050,3.72588713260881,"withdrawal"
"WY",2010,145.508797703664,"withdrawal"
"WY",2012,143.271385600094,"withdrawal"
"WY",2014,150.429642764442,"withdrawal"
"WY",2016,46.6332250293051,"withdrawal"
"WY",2018,91.9542622330846,"withdrawal"
"WY",2020,73.7211647893828,"withdrawal"
"WY",2022,31.562154908671,"withdrawal"
"WY",2024,61.3897847935972,"withdrawal"
"WY",2026,78.4281881988801,"withdrawal"
"WY",2028,32.7338709408053,"withdrawal"
"WY",2030,30.0383191949934,"withdrawal"
"WY",2032,30.8929706634394,"withdrawal"
"WY",2034,30.7907417299346,"withdrawal"
"WY",2036,27.2702053747504,"withdrawal"
"WY",2038,11.9603098894576,"withdrawal"
"WY",2040,11.6882705246684,"withdrawal"
"WY",2042,10.3622691118715,"withdrawal"
"WY",2044,10.2211900220925,"withdrawal"
"WY",2046,8.57780696801774,"withdrawal"
"WY",2048,8.11388625128909,"withdrawal"
"WY",2050,7.19042632091935,"withdrawal"
"AL",2010,41.8269741158471,"consumption"
"AL",2012,35.1318775985932,"consumption"
"AL",2014,35.4245211394304,"consumption"
"AL",2016,34.546888365317,"consumption"
"AL",2018,33.2489586176056,"consumption"
"AL",2020,33.2411157982284,"consumption"
"AL",2022,32.8898736871245,"consumption"
"AL",2024,32.9411558568272,"consumption"
"AL",2026,31.1977295928754,"consumption"
"AL",2028,31.8371657695333,"consumption"
"AL",2030,31.0966474572024,"consumption"
"AL",2032,29.9261229032335,"consumption"
"AL",2034,29.7930190562928,"consumption"
"AL",2036,30.8410394412625,"consumption"
"AL",2038,32.6753191263777,"consumption"
"AL",2040,34.2996105447078,"consumption"
"AL",2042,35.0880398086834,"consumption"
"AL",2044,35.5405548406512,"consumption"
"AL",2046,38.4848533555943,"consumption"
"AL",2048,40.2968024494716,"consumption"
"AL",2050,39.8914499655628,"consumption"
"AR",2010,20.1240542935475,"consumption"
"AR",2012,18.8097166559453,"consumption"
"AR",2014,21.706573719807,"consumption"
"AR",2016,19.4531692604565,"consumption"
"AR",2018,18.984098980965,"consumption"
"AR",2020,19.6746135625812,"consumption"
"AR",2022,20.9012414073335,"consumption"
"AR",2024,20.5321728169729,"consumption"
"AR",2026,20.4280081532903,"consumption"
"AR",2028,20.1907973219983,"consumption"
"AR",2030,19.4129815958779,"consumption"
"AR",2032,22.6344402047847,"consumption"
"AR",2034,22.2910633201655,"consumption"
"AR",2036,22.7327482563371,"consumption"
"AR",2038,23.0977627791751,"consumption"
"AR",2040,23.46603947437,"consumption"
"AR",2042,23.3396931669019,"consumption"
"AR",2044,24.3158685666369,"consumption"
"AR",2046,24.0909937239609,"consumption"
"AR",2048,23.8910298343151,"consumption"
"AR",2050,25.1203235437156,"consumption"
"AZ",2010,53.4556675768449,"consumption"
"AZ",2012,54.6958454194111,"consumption"
"AZ",2014,54.8315904453371,"consumption"
"AZ",2016,53.0645581208533,"consumption"
"AZ",2018,52.4178394306838,"consumption"
"AZ",2020,41.4824005273593,"consumption"
"AZ",2022,42.6487647004866,"consumption"
"AZ",2024,41.4096124748073,"consumption"
"AZ",2026,42.7074367276498,"consumption"
"AZ",2028,42.4007221960134,"consumption"
"AZ",2030,42.6347050621757,"consumption"
"AZ",2032,42.3921884318459,"consumption"
"AZ",2034,43.202771581294,"consumption"
"AZ",2036,42.3600182381492,"consumption"
"AZ",2038,43.364942146967,"consumption"
"AZ",2040,43.4840171708799,"consumption"
"AZ",2042,42.9530188821644,"consumption"
"AZ",2044,41.9236770488687,"consumption"
"AZ",2046,42.8260994313585,"consumption"
"AZ",2048,42.7902216652385,"consumption"
"AZ",2050,42.5567892766401,"consumption"
"CA",2010,37.6802590229843,"consumption"
"CA",2012,31.5642655417673,"consumption"
"CA",2014,33.29253985212,"consumption"
"CA",2016,31.6972124902237,"consumption"
"CA",2018,26.1860223529615,"consumption"
"CA",2020,30.323034974416,"consumption"
"CA",2022,29.4652771638029,"consumption"
"CA",2024,24.7391189793305,"consumption"
"CA",2026,18.721456027247,"consumption"
"CA",2028,16.1804147504755,"consumption"
"CA",2030,14.6863724303578,"consumption"
"CA",2032,14.787868283542,"consumption"
"CA",2034,14.2274046399565,"consumption"
"CA",2036,14.2736094034133,"consumption"
"CA",2038,14.0932072571623,"consumption"
"CA",2040,12.7346958987488,"consumption"
"CA",2042,11.987107658437,"consumption"
"CA",2044,12.8630254662051,"consumption"
"CA",2046,12.9322813583808,"consumption"
"CA",2048,12.7084793106126,"consumption"
"CA",2050,12.8972315455736,"consumption"
"CO",2010,26.9792203906151,"consumption"
"CO",2012,24.4727528573377,"consumption"
"CO",2014,24.6352137288904,"consumption"
"CO",2016,21.0521949567594,"consumption"
"CO",2018,21.4144010200497,"consumption"
"CO",2020,20.181565028247,"consumption"
"CO",2022,17.6454626782706,"consumption"
"CO",2024,17.7819560474362,"consumption"
"CO",2026,15.3763193355028,"consumption"
"CO",2028,15.6642071589824,"consumption"
"CO",2030,14.2222642624347,"consumption"
"CO",2032,14.3120191194331,"consumption"
"CO",2034,14.370208845961,"consumption"
"CO",2036,15.4401854111964,"consumption"
"CO",2038,16.28385851292,"consumption"
"CO",2040,15.6956427637017,"consumption"
"CO",2042,15.1797879591357,"consumption"
"CO",2044,16.140739002501,"consumption"
"CO",2046,16.2949949810778,"consumption"
"CO",2048,16.2673689194696,"consumption"
"CO",2050,15.4872288812568,"consumption"
"CT",2010,6.43075381101111,"consumption"
"CT",2012,7.14695805736768,"consumption"
"CT",2014,7.93981292926514,"consumption"
"CT",2016,7.44635545773702,"consumption"
"CT",2018,8.49676741655681,"consumption"
"CT",2020,9.11997179197819,"consumption"
"CT",2022,9.15553326033309,"consumption"
"CT",2024,9.11339309721332,"consumption"
"CT",2026,9.04742423063938,"consumption"
"CT",2028,9.02662281909637,"consumption"
"CT",2030,9.00801662907521,"consumption"
"CT",2032,8.99221471417674,"consumption"
"CT",2034,8.73723897424057,"consumption"
"CT",2036,6.88452501436895,"consumption"
"CT",2038,6.79610714344435,"consumption"
"CT",2040,6.62982019933942,"consumption"
"CT",2042,6.65131597725187,"consumption"
"CT",2044,5.68112084161053,"consumption"
"CT",2046,3.60729624104681,"consumption"
"CT",2048,4.12223668515543,"consumption"
"CT",2050,4.09300987834679,"consumption"
"DE",2010,2.7824862238497,"consumption"
"DE",2012,2.69552067671697,"consumption"
"DE",2014,2.22358386619964,"consumption"
"DE",2016,2.99889712541703,"consumption"
"DE",2018,2.52906672483315,"consumption"
"DE",2020,2.5990322812952,"consumption"
"DE",2022,1.82217685591222,"consumption"
"DE",2024,1.26574763572944,"consumption"
"DE",2026,1.17468801834394,"consumption"
"DE",2028,0.956285176595639,"consumption"
"DE",2030,0.713373939683393,"consumption"
"DE",2032,0.612096038021409,"consumption"
"DE",2034,0.371304079737889,"consumption"
"DE",2036,0.182627898398536,"consumption"
"DE",2038,0.136164342580012,"consumption"
"DE",2040,0.136166687290811,"consumption"
"DE",2042,0.18318334150974,"consumption"
"DE",2044,0.17535890068542,"consumption"
"DE",2046,0.136178440777055,"consumption"
"DE",2048,0.0933667728658398,"consumption"
"DE",2050,0.0598000381808865,"consumption"
"FL",2010,67.3407276496883,"consumption"
"FL",2012,55.0399266509892,"consumption"
"FL",2014,58.3033674109191,"consumption"
"FL",2016,50.8200623545228,"consumption"
"FL",2018,52.5294827797209,"consumption"
"FL",2020,49.6067433647462,"consumption"
"FL",2022,49.6198169925415,"consumption"
"FL",2024,49.9222277230057,"consumption"
"FL",2026,49.2879469468803,"consumption"
"FL",2028,47.2408005473973,"consumption"
"FL",2030,47.4666315262364,"consumption"
"FL",2032,47.8841152709864,"consumption"
"FL",2034,48.5021695377092,"consumption"
"FL",2036,48.5342945419115,"consumption"
"FL",2038,48.6935482057341,"consumption"
"FL",2040,49.8326368155442,"consumption"
"FL",2042,51.9158405266369,"consumption"
"FL",2044,54.0232601455967,"consumption"
"FL",2046,54.0630833378771,"consumption"
"FL",2048,53.5561727282078,"consumption"
"FL",2050,53.3617603208418,"consumption"
"GA",2010,64.1317664044948,"consumption"
"GA",2012,42.0973956706819,"consumption"
"GA",2014,58.7543554702488,"consumption"
"GA",2016,50.1628525589731,"consumption"
"GA",2018,54.6110344475154,"consumption"
"GA",2020,46.2393773026559,"consumption"
"GA",2022,52.1992920184639,"consumption"
"GA",2024,52.4218077301496,"consumption"
"GA",2026,52.3814500313587,"consumption"
"GA",2028,51.1452687185265,"consumption"
"GA",2030,48.164358507208,"consumption"
"GA",2032,45.511230955228,"consumption"
"GA",2034,46.3405080399169,"consumption"
"GA",2036,45.2152980732372,"consumption"
"GA",2038,44.8769003801901,"consumption"
"GA",2040,42.0513230316616,"consumption"
"GA",2042,42.0351478372607,"consumption"
"GA",2044,42.8829800931266,"consumption"
"GA",2046,42.01131228553,"consumption"
"GA",2048,41.222765900963,"consumption"
"GA",2050,42.9282387962658,"consumption"
"IA",2010,21.6207837755426,"consumption"
"IA",2012,21.0570676471079,"consumption"
"IA",2014,20.5548682236005,"consumption"
"IA",2016,19.4611907313912,"consumption"
"IA",2018,19.5391627194085,"consumption"
"IA",2020,19.6616573787408,"consumption"
"IA",2022,20.0333393974031,"consumption"
"IA",2024,18.2185839995516,"consumption"
"IA",2026,16.9258620629076,"consumption"
"IA",2028,15.211579400442,"consumption"
"IA",2030,13.7246247595647,"consumption"
"IA",2032,11.5184531603279,"consumption"
"IA",2034,9.16698403619565,"consumption"
"IA",2036,5.57123209344187,"consumption"
"IA",2038,5.0065754813579,"consumption"
"IA",2040,4.96926276074407,"consumption"
"IA",2042,4.97996888114309,"consumption"
"IA",2044,4.94041795019911,"consumption"
"IA",2046,4.97619633442785,"consumption"
"IA",2048,4.78413590199412,"consumption"
"IA",2050,4.55013948908236,"consumption"
"ID",2010,0.174627037813016,"consumption"
"ID",2012,0.558976341970514,"consumption"
"ID",2014,0.737714596705529,"consumption"
"ID",2016,0.516799906154622,"consumption"
"ID",2018,0.517326541515976,"consumption"
"ID",2020,0.519864916854068,"consumption"
"ID",2022,0.519876052563793,"consumption"
"ID",2024,0.520083763862083,"consumption"
"ID",2026,0.520107586305713,"consumption"
"ID",2028,0.520118822187435,"consumption"
"ID",2030,1.85785702203943,"consumption"
"ID",2032,2.25666454448935,"consumption"
"ID",2034,3.70760376288898,"consumption"
"ID",2036,3.65024780362837,"consumption"
"ID",2038,4.27078116680595,"consumption"
"ID",2040,4.03787550991834,"consumption"
"ID",2042,4.08590892490696,"consumption"
"ID",2044,5.02176437631569,"consumption"
"ID",2046,5.03176529123142,"consumption"
"ID",2048,6.04579329877406,"consumption"
"ID",2050,6.19649811687118,"consumption"
"IL",2010,89.0069896138799,"consumption"
"IL",2012,84.1644129016926,"consumption"
"IL",2014,86.0084078736686,"consumption"
"IL",2016,78.5180648237972,"consumption"
"IL",2018,76.5959488534024,"consumption"
"IL",2020,74.208493797526,"consumption"
"IL",2022,72.7960888555665,"consumption"
"IL",2024,72.4564584734264,"consumption"
"IL",2026,70.4957258539819,"consumption"
"IL",2028,69.363537066498,"consumption"
"IL",2030,62.7676333838311,"consumption"
"IL",2032,58.3814121947161,"consumption"
"IL",2034,60.4603111873602,"consumption"
"IL",2036,60.3959001409416,"consumption"
"IL",2038,60.0541924233185,"consumption"
"IL",2040,60.3402491326988,"consumption"
"IL",2042,55.5384215511162,"consumption"
"IL",2044,53.025006724041,"consumption"
"IL",2046,50.5618111993974,"consumption"
"IL",2048,34.0057934242451,"consumption"
"IL",2050,36.6630472205109,"consumption"
"IN",2010,47.3527052845105,"consumption"
"IN",2012,38.6245916062428,"consumption"
"IN",2014,46.2675088601494,"consumption"
"IN",2016,38.5958557990772,"consumption"
"IN",2018,37.4279920586267,"consumption"
"IN",2020,30.5974006043215,"consumption"
"IN",2022,29.363152057971,"consumption"
"IN",2024,29.043041984531,"consumption"
"IN",2026,29.7359522775338,"consumption"
"IN",2028,28.3804362262244,"consumption"
"IN",2030,22.5220952986044,"consumption"
"IN",2032,22.3380565952153,"consumption"
"IN",2034,22.5573585405179,"consumption"
"IN",2036,20.6225622240515,"consumption"
"IN",2038,20.1921671896793,"consumption"
"IN",2040,20.7439209976156,"consumption"
"IN",2042,21.3280256769169,"consumption"
"IN",2044,21.3643652762309,"consumption"
"IN",2046,21.5086294623212,"consumption"
"IN",2048,21.8767018642775,"consumption"
"IN",2050,21.88638759699,"consumption"
"KS",2010,19.5144947184658,"consumption"
"KS",2012,13.8838722501158,"consumption"
"KS",2014,11.4484669772774,"consumption"
"KS",2016,9.31922200338522,"consumption"
"KS",2018,7.35083195331211,"consumption"
"KS",2020,7.772678979987,"consumption"
"KS",2022,7.83834043976262,"consumption"
"KS",2024,8.01547623790168,"consumption"
"KS",2026,7.20511376916366,"consumption"
"KS",2028,6.25203859462794,"consumption"
"KS",2030,6.07466544971484,"consumption"
"KS",2032,6.0158029472559,"consumption"
"KS",2034,6.40281460280614,"consumption"
"KS",2036,6.93396346020752,"consumption"
"KS",2038,6.97541831483248,"consumption"
"KS",2040,6.7268548787453,"consumption"
"KS",2042,6.83465223380716,"consumption"
"KS",2044,6.8369017152385,"consumption"
"KS",2046,1.85436969139755,"consumption"
"KS",2048,1.55712054915461,"consumption"
"KS",2050,1.2603003816508,"consumption"
"KY",2010,61.5567821804438,"consumption"
"KY",2012,61.0844288864852,"consumption"
"KY",2014,60.0985036674539,"consumption"
"KY",2016,52.654269930374,"consumption"
"KY",2018,48.8367569637129,"consumption"
"KY",2020,46.483047876839,"consumption"
"KY",2022,35.1327904728583,"consumption"
"KY",2024,34.2195419742691,"consumption"
"KY",2026,34.15310834443,"consumption"
"KY",2028,31.1042408648718,"consumption"
"KY",2030,26.0500226189666,"consumption"
"KY",2032,23.265202050709,"consumption"
"KY",2034,21.179758038643,"consumption"
"KY",2036,20.6943737180066,"consumption"
"KY",2038,20.133349972093,"consumption"
"KY",2040,19.9195758111495,"consumption"
"KY",2042,20.4722996540413,"consumption"
"KY",2044,20.5104646819399,"consumption"
"KY",2046,20.3943497031929,"consumption"
"KY",2048,20.8585592734254,"consumption"
"KY",2050,22.2207092928076,"consumption"
"LA",2010,23.5798159714205,"consumption"
"LA",2012,19.5896021377222,"consumption"
"LA",2014,20.917109919734,"consumption"
"LA",2016,19.7632429455671,"consumption"
"LA",2018,20.04147159951,"consumption"
"LA",2020,21.5910203500155,"consumption"
"LA",2022,21.8220074735945,"consumption"
"LA",2024,21.6153510203296,"consumption"
"LA",2026,21.9323897862497,"consumption"
"LA",2028,21.9092221447702,"consumption"
"LA",2030,19.4342666606087,"consumption"
"LA",2032,20.6888146801002,"consumption"
"LA",2034,22.026756186914,"consumption"
"LA",2036,21.2110301904438,"consumption"
"LA",2038,22.5104744980389,"consumption"
"LA",2040,22.7914433492983,"consumption"
"LA",2042,23.0140220246923,"consumption"
"LA",2044,24.3234205190654,"consumption"
"LA",2046,23.889590568151,"consumption"
"LA",2048,26.7809509165537,"consumption"
"LA",2050,26.9834803177255,"consumption"
"MA",2010,7.91004757491931,"consumption"
"MA",2012,5.52298189219352,"consumption"
"MA",2014,4.45134349702725,"consumption"
"MA",2016,3.78030630335129,"consumption"
"MA",2018,2.63406231323757,"consumption"
"MA",2020,1.37794863457055,"consumption"
"MA",2022,1.88381156858647,"consumption"
"MA",2024,1.85833487115187,"consumption"
"MA",2026,1.57905286160352,"consumption"
"MA",2028,1.5420752579305,"consumption"
"MA",2030,1.46350445353933,"consumption"
"MA",2032,1.30643562997628,"consumption"
"MA",2034,1.02480389718897,"consumption"
"MA",2036,0.995803557619282,"consumption"
"MA",2038,0.941472320663726,"consumption"
"MA",2040,0.852176259277208,"consumption"
"MA",2042,0.833306741874022,"consumption"
"MA",2044,0.85024735454703,"consumption"
"MA",2046,0.880812379152616,"consumption"
"MA",2048,0.771112083624528,"consumption"
"MA",2050,0.562905562618914,"consumption"
"MD",2010,17.2627792778455,"consumption"
"MD",2012,15.4670141536197,"consumption"
"MD",2014,9.81554242376267,"consumption"
"MD",2016,9.71230425481252,"consumption"
"MD",2018,10.5050388039348,"consumption"
"MD",2020,8.65617068027177,"consumption"
"MD",2022,7.68170492396038,"consumption"
"MD",2024,7.63239553157388,"consumption"
"MD",2026,7.56108213364443,"consumption"
"MD",2028,7.59857632853115,"consumption"
"MD",2030,7.07130180653268,"consumption"
"MD",2032,6.87876313699749,"consumption"
"MD",2034,6.36905726485094,"consumption"
"MD",2036,4.11216052504124,"consumption"
"MD",2038,1.68865344635781,"consumption"
"MD",2040,1.62779361780404,"consumption"
"MD",2042,2.12529651869401,"consumption"
"MD",2044,1.89068106484476,"consumption"
"MD",2046,1.4668254606972,"consumption"
"MD",2048,0.667001414863072,"consumption"
"MD",2050,0.442633535544101,"consumption"
"ME",2010,3.09235110487998,"consumption"
"ME",2012,2.85844647840719,"consumption"
"ME",2014,2.27645563048497,"consumption"
"ME",2016,2.00477396501641,"consumption"
"ME",2018,1.67940291422306,"consumption"
"ME",2020,1.89824708659267,"consumption"
"ME",2022,1.93990873763832,"consumption"
"ME",2024,1.96264141007105,"consumption"
"ME",2026,1.94082966087866,"consumption"
"ME",2028,1.95609623286333,"consumption"
"ME",2030,1.90529968725726,"consumption"
"ME",2032,1.92918982475073,"consumption"
"ME",2034,1.81011075458262,"consumption"
"ME",2036,1.84759224894193,"consumption"
"ME",2038,1.53123409170092,"consumption"
"ME",2040,0.944451855087193,"consumption"
"ME",2042,0.932228119754119,"consumption"
"ME",2044,0.897937176658695,"consumption"
"ME",2046,0.903730466594197,"consumption"
"ME",2048,0.925592639850788,"consumption"
"ME",2050,0.888499525558983,"consumption"
"MI",2010,34.1865982264175,"consumption"
"MI",2012,34.3607707791164,"consumption"
"MI",2014,32.8249734729778,"consumption"
"MI",2016,32.6167303621812,"consumption"
"MI",2018,31.7651253177845,"consumption"
"MI",2020,30.832858865211,"consumption"
"MI",2022,25.9148930393873,"consumption"
"MI",2024,26.5099971192773,"consumption"
"MI",2026,26.5406923232071,"consumption"
"MI",2028,26.3257699361223,"consumption"
"MI",2030,26.5455173892247,"consumption"
"MI",2032,27.5091853263363,"consumption"
"MI",2034,27.3232497088836,"consumption"
"MI",2036,26.5242657896949,"consumption"
"MI",2038,26.1557248682356,"consumption"
"MI",2040,26.197491788939,"consumption"
"MI",2042,26.6173991309732,"consumption"
"MI",2044,27.1014819933921,"consumption"
"MI",2046,27.4556281380554,"consumption"
"MI",2048,24.1106442743827,"consumption"
"MI",2050,24.944508777412,"consumption"
"MN",2010,24.3878078645287,"consumption"
"MN",2012,24.5736684935962,"consumption"
"MN",2014,24.7916334304316,"consumption"
"MN",2016,23.8706158874587,"consumption"
"MN",2018,23.6622273520794,"consumption"
"MN",2020,23.4421670787897,"consumption"
"MN",2022,20.3576730759809,"consumption"
"MN",2024,20.0734240709389,"consumption"
"MN",2026,16.5060872430249,"consumption"
"MN",2028,14.6742938227498,"consumption"
"MN",2030,13.3969415565914,"consumption"
"MN",2032,9.38149506860374,"consumption"
"MN",2034,8.49073833607209,"consumption"
"MN",2036,5.80699121192984,"consumption"
"MN",2038,5.27300660961459,"consumption"
"MN",2040,5.28733028227647,"consumption"
"MN",2042,5.26139235177553,"consumption"
"MN",2044,5.15439460278585,"consumption"
"MN",2046,5.38394700812483,"consumption"
"MN",2048,5.22736210169454,"consumption"
"MN",2050,5.36895322942677,"consumption"
"MO",2010,26.366363021211,"consumption"
"MO",2012,24.4968217102378,"consumption"
"MO",2014,25.4729227922304,"consumption"
"MO",2016,22.0182151993632,"consumption"
"MO",2018,21.2168174368293,"consumption"
"MO",2020,20.2413926333587,"consumption"
"MO",2022,16.6094283497921,"consumption"
"MO",2024,17.0971268417682,"consumption"
"MO",2026,16.6730843370702,"consumption"
"MO",2028,16.0116792266859,"consumption"
"MO",2030,14.89420376026,"consumption"
"MO",2032,16.3484995971821,"consumption"
"MO",2034,18.0850377893728,"consumption"
"MO",2036,19.7413844402615,"consumption"
"MO",2038,19.5595828319702,"consumption"
"MO",2040,19.0320544274358,"consumption"
"MO",2042,18.7481305431945,"consumption"
"MO",2044,12.3017991477571,"consumption"
"MO",2046,11.652752914188,"consumption"
"MO",2048,11.4111376702975,"consumption"
"MO",2050,9.84030487413696,"consumption"
"MS",2010,17.13537506199,"consumption"
"MS",2012,18.0516732330999,"consumption"
"MS",2014,19.3994292716089,"consumption"
"MS",2016,19.0103336046639,"consumption"
"MS",2018,18.616145449124,"consumption"
"MS",2020,19.0702813011024,"consumption"
"MS",2022,20.201541050797,"consumption"
"MS",2024,20.2215985022615,"consumption"
"MS",2026,19.7008693709506,"consumption"
"MS",2028,16.5033883511441,"consumption"
"MS",2030,14.6876344033522,"consumption"
"MS",2032,12.9474375488863,"consumption"
"MS",2034,11.3631239480907,"consumption"
"MS",2036,10.0476429571584,"consumption"
"MS",2038,9.16598354933517,"consumption"
"MS",2040,8.75841580908217,"consumption"
"MS",2042,9.99547838831585,"consumption"
"MS",2044,9.88784509515217,"consumption"
"MS",2046,2.76305444029933,"consumption"
"MS",2048,2.69660890092193,"consumption"
"MS",2050,3.32285556919552,"consumption"
"MT",2010,11.5545897093147,"consumption"
"MT",2012,7.45657049521467,"consumption"
"MT",2014,10.0523880255558,"consumption"
"MT",2016,3.41918234103792,"consumption"
"MT",2018,7.29198428340262,"consumption"
"MT",2020,7.29245449707537,"consumption"
"MT",2022,3.90472503315724,"consumption"
"MT",2024,4.71091908243671,"consumption"
"MT",2026,6.20930788134451,"consumption"
"MT",2028,6.68231639205531,"consumption"
"MT",2030,6.40858809699734,"consumption"
"MT",2032,6.28647412316481,"consumption"
"MT",2034,5.65007392928478,"consumption"
"MT",2036,4.41925926133461,"consumption"
"MT",2038,4.13819410918608,"consumption"
"MT",2040,3.8449648096548,"consumption"
"MT",2042,3.13491453393605,"consumption"
"MT",2044,2.61708349140655,"consumption"
"MT",2046,2.28376139119236,"consumption"
"MT",2048,1.97118946018397,"consumption"
"MT",2050,1.71979078238101,"consumption"
"NC",2010,52.0398423784205,"consumption"
"NC",2012,41.4995860614651,"consumption"
"NC",2014,47.9427204600796,"consumption"
"NC",2016,46.8582671999653,"consumption"
"NC",2018,42.2356724611332,"consumption"
"NC",2020,35.2251291935214,"consumption"
"NC",2022,32.6502844335693,"consumption"
"NC",2024,30.9762576618455,"consumption"
"NC",2026,31.2149764493939,"consumption"
"NC",2028,29.4740577564073,"consumption"
"NC",2030,29.7423792405907,"consumption"
"NC",2032,31.2461299835741,"consumption"
"NC",2034,32.4281674117295,"consumption"
"NC",2036,33.1081003530379,"consumption"
"NC",2038,32.8835182534993,"consumption"
"NC",2040,32.7191301137854,"consumption"
"NC",2042,33.3749927846118,"consumption"
"NC",2044,33.8539416253419,"consumption"
"NC",2046,35.6043125833158,"consumption"
"NC",2048,30.0836014526136,"consumption"
"NC",2050,29.9387724575705,"consumption"
"ND",2010,17.3037872335176,"consumption"
"ND",2012,16.9396617526259,"consumption"
"ND",2014,15.5882265257557,"consumption"
"ND",2016,9.23864514168117,"consumption"
"ND",2018,7.49811367987257,"consumption"
"ND",2020,4.02325199896706,"consumption"
"ND",2022,2.47275670456517,"consumption"
"ND",2024,1.56119722004685,"consumption"
"ND",2026,1.1602612369722,"consumption"
"ND",2028,0.819434233217154,"consumption"
"ND",2030,0.291748921221005,"consumption"
"ND",2032,0.171874222975155,"consumption"
"ND",2034,0.00212553151274006,"consumption"
"ND",2036,0.00218459894639193,"consumption"
"ND",2038,0.00224275206000195,"consumption"
"ND",2040,0.00232493040013379,"consumption"
"ND",2042,0.00239943820529655,"consumption"
"ND",2044,0.00250034037916291,"consumption"
"ND",2046,0.00259545905753762,"consumption"
"ND",2048,0.00269178161680786,"consumption"
"ND",2050,0.00272798991042152,"consumption"
"NE",2010,13.2760661236197,"consumption"
"NE",2012,12.9485764622675,"consumption"
"NE",2014,13.8879036708603,"consumption"
"NE",2016,9.62389202934748,"consumption"
"NE",2018,9.22500145408264,"consumption"
"NE",2020,8.43999603689158,"consumption"
"NE",2022,7.48468191761434,"consumption"
"NE",2024,7.25085678440516,"consumption"
"NE",2026,6.76932004167923,"consumption"
"NE",2028,5.93733654377159,"consumption"
"NE",2030,5.22864897334131,"consumption"
"NE",2032,4.90394814785543,"consumption"
"NE",2034,3.18107604816792,"consumption"
"NE",2036,3.1454721663791,"consumption"
"NE",2038,2.76083733300919,"consumption"
"NE",2040,2.50090007774617,"consumption"
"NE",2042,2.50459156968651,"consumption"
"NE",2044,2.50466270510123,"consumption"
"NE",2046,3.03945235925539,"consumption"
"NE",2048,2.93625068549355,"consumption"
"NE",2050,2.78931125104337,"consumption"
"NH",2010,5.20116197647128,"consumption"
"NH",2012,4.35474820861031,"consumption"
"NH",2014,5.06206454678332,"consumption"
"NH",2016,3.69280410280297,"consumption"
"NH",2018,3.34733467468446,"consumption"
"NH",2020,3.9318019346138,"consumption"
"NH",2022,4.0878003539718,"consumption"
"NH",2024,4.02012090993869,"consumption"
"NH",2026,3.64192411597422,"consumption"
"NH",2028,3.61907628761993,"consumption"
"NH",2030,3.59811568528103,"consumption"
"NH",2032,3.59278060030271,"consumption"
"NH",2034,3.29987131031518,"consumption"
"NH",2036,3.24981691082953,"consumption"
"NH",2038,3.1559343115188,"consumption"
"NH",2040,3.12210086565312,"consumption"
"NH",2042,3.05830274918925,"consumption"
"NH",2044,2.99606977188205,"consumption"
"NH",2046,3.07882351428639,"consumption"
"NH",2048,2.95671660325075,"consumption"
"NH",2050,0.762345032862657,"consumption"
"NJ",2010,26.9862178999741,"consumption"
"NJ",2012,28.6117345155016,"consumption"
"NJ",2014,28.9644404768577,"consumption"
"NJ",2016,31.5283284153738,"consumption"
"NJ",2018,25.8672148950758,"consumption"
"NJ",2020,25.4633578760224,"consumption"
"NJ",2022,27.0983042453883,"consumption"
"NJ",2024,27.0600687194749,"consumption"
"NJ",2026,26.4715308827619,"consumption"
"NJ",2028,25.6108425906569,"consumption"
"NJ",2030,25.0505555318459,"consumption"
"NJ",2032,24.8813649814305,"consumption"
"NJ",2034,24.3381821641551,"consumption"
"NJ",2036,23.1624979362489,"consumption"
"NJ",2038,16.775456713293,"consumption"
"NJ",2040,16.7890024916623,"consumption"
"NJ",2042,10.8823449332224,"consumption"
"NJ",2044,10.3791991695771,"consumption"
"NJ",2046,4.01118082767115,"consumption"
"NJ",2048,4.215755785343,"consumption"
"NJ",2050,4.81413740105682,"consumption"
"NM",2010,18.355211695164,"consumption"
"NM",2012,18.6355678585188,"consumption"
"NM",2014,16.3172525781718,"consumption"
"NM",2016,15.1598858105383,"consumption"
"NM",2018,11.8801724544872,"consumption"
"NM",2020,11.835755434933,"consumption"
"NM",2022,11.8834228133768,"consumption"
"NM",2024,11.9476228564762,"consumption"
"NM",2026,11.9673624993673,"consumption"
"NM",2028,11.9381586904237,"consumption"
"NM",2030,11.9503711912877,"consumption"
"NM",2032,11.8952332200479,"consumption"
"NM",2034,11.8988661625819,"consumption"
"NM",2036,11.4090184596662,"consumption"
"NM",2038,11.6891644527638,"consumption"
"NM",2040,11.7341706425661,"consumption"
"NM",2042,11.6085394535105,"consumption"
"NM",2044,9.24716347350623,"consumption"
"NM",2046,7.81123985556541,"consumption"
"NM",2048,10.325570272608,"consumption"
"NM",2050,10.2941219020324,"consumption"
"NV",2010,8.11929906006666,"consumption"
"NV",2012,8.88618507652681,"consumption"
"NV",2014,6.85404423000631,"consumption"
"NV",2016,5.50939256325678,"consumption"
"NV",2018,6.10548469551835,"consumption"
"NV",2020,6.08980364000311,"consumption"
"NV",2022,5.2398187303445,"consumption"
"NV",2024,5.14180412023291,"consumption"
"NV",2026,3.33504201270544,"consumption"
"NV",2028,3.33695498214261,"consumption"
"NV",2030,3.80665164120177,"consumption"
"NV",2032,4.54315860838266,"consumption"
"NV",2034,5.05697019013324,"consumption"
"NV",2036,7.95935738186227,"consumption"
"NV",2038,7.95477538339795,"consumption"
"NV",2040,9.49601890722693,"consumption"
"NV",2042,11.8765523992644,"consumption"
"NV",2044,10.7477318663043,"consumption"
"NV",2046,11.9161108162248,"consumption"
"NV",2048,11.2482289147848,"consumption"
"NV",2050,11.2257071913542,"consumption"
"NY",2010,31.8555898617562,"consumption"
"NY",2012,30.9770995992819,"consumption"
"NY",2014,31.7111784445155,"consumption"
"NY",2016,29.6436087292783,"consumption"
"NY",2018,31.0970379597087,"consumption"
"NY",2020,30.2006659362096,"consumption"
"NY",2022,27.9002065388257,"consumption"
"NY",2024,27.6419468808542,"consumption"
"NY",2026,27.2470460895858,"consumption"
"NY",2028,26.579939282765,"consumption"
"NY",2030,22.0120563848354,"consumption"
"NY",2032,21.7120202962972,"consumption"
"NY",2034,23.0529488649735,"consumption"
"NY",2036,21.1716980986276,"consumption"
"NY",2038,22.296178781691,"consumption"
"NY",2040,22.4796939435252,"consumption"
"NY",2042,23.1712073177382,"consumption"
"NY",2044,25.7071969549621,"consumption"
"NY",2046,26.2370577468706,"consumption"
"NY",2048,21.0910017797845,"consumption"
"NY",2050,21.8677826167974,"consumption"
"OH",2010,75.7922298781276,"consumption"
"OH",2012,66.3845476522431,"consumption"
"OH",2014,75.8765734345617,"consumption"
"OH",2016,64.5789337231059,"consumption"
"OH",2018,58.1955133000126,"consumption"
"OH",2020,46.0968619006446,"consumption"
"OH",2022,31.8724803181755,"consumption"
"OH",2024,29.78534645472,"consumption"
"OH",2026,29.2020770743888,"consumption"
"OH",2028,27.6491731506942,"consumption"
"OH",2030,30.6305658769814,"consumption"
"OH",2032,31.8412770870797,"consumption"
"OH",2034,33.9206118658024,"consumption"
"OH",2036,38.9040292405178,"consumption"
"OH",2038,42.2834065329156,"consumption"
"OH",2040,44.8442138905696,"consumption"
"OH",2042,45.4957417433884,"consumption"
"OH",2044,45.3730476569854,"consumption"
"OH",2046,46.6746994618287,"consumption"
"OH",2048,46.4626743955168,"consumption"
"OH",2050,46.644103661363,"consumption"
"OK",2010,23.3451304215264,"consumption"
"OK",2012,18.2854930502811,"consumption"
"OK",2014,15.0681556400668,"consumption"
"OK",2016,11.6201257796525,"consumption"
"OK",2018,7.87594493885944,"consumption"
"OK",2020,7.60887652249782,"consumption"
"OK",2022,9.41308789888969,"consumption"
"OK",2024,9.57795394633894,"consumption"
"OK",2026,8.24184303373035,"consumption"
"OK",2028,6.3777277233479,"consumption"
"OK",2030,6.00656137081778,"consumption"
"OK",2032,4.27625792573085,"consumption"
"OK",2034,3.67663565099746,"consumption"
"OK",2036,2.27189618248386,"consumption"
"OK",2038,2.10988929873821,"consumption"
"OK",2040,1.97687691318452,"consumption"
"OK",2042,3.03059221411846,"consumption"
"OK",2044,3.47870328031242,"consumption"
"OK",2046,2.91502579114673,"consumption"
"OK",2048,2.76775815770272,"consumption"
"OK",2050,2.17779907209555,"consumption"
"OR",2010,4.23742417821779,"consumption"
"OR",2012,2.6536595598946,"consumption"
"OR",2014,3.24632849802607,"consumption"
"OR",2016,1.40578610587682,"consumption"
"OR",2018,2.32020820456935,"consumption"
"OR",2020,3.17313954086242,"consumption"
"OR",2022,3.38943633524526,"consumption"
"OR",2024,5.44155980225462,"consumption"
"OR",2026,7.12405809927617,"consumption"
"OR",2028,8.81274070299594,"consumption"
"OR",2030,9.79929871026182,"consumption"
"OR",2032,10.5083989027565,"consumption"
"OR",2034,11.7963082575872,"consumption"
"OR",2036,11.6663474445764,"consumption"
"OR",2038,12.2783602104789,"consumption"
"OR",2040,12.6528711539425,"consumption"
"OR",2042,13.1435693908674,"consumption"
"OR",2044,12.381503201534,"consumption"
"OR",2046,12.2221280047665,"consumption"
"OR",2048,13.2599790262127,"consumption"
"OR",2050,13.3784214690137,"consumption"
"PA",2010,118.067105205967,"consumption"
"PA",2012,112.98218475535,"consumption"
"PA",2014,106.864480814885,"consumption"
"PA",2016,87.6594520269502,"consumption"
"PA",2018,86.9399770790216,"consumption"
"PA",2020,83.8432237436448,"consumption"
"PA",2022,71.321283002638,"consumption"
"PA",2024,72.1939261589744,"consumption"
"PA",2026,69.9410937929035,"consumption"
"PA",2028,67.7125568960324,"consumption"
"PA",2030,64.6267699728597,"consumption"
"PA",2032,61.1587273557313,"consumption"
"PA",2034,64.0856584608229,"consumption"
"PA",2036,67.4032026446532,"consumption"
"PA",2038,69.3599404701615,"consumption"
"PA",2040,69.654753176334,"consumption"
"PA",2042,70.5002041509639,"consumption"
"PA",2044,71.6944879460383,"consumption"
"PA",2046,71.4066979315509,"consumption"
"PA",2048,74.6787942300251,"consumption"
"PA",2050,70.3936758355975,"consumption"
"RI",2010,1.37292044777201,"consumption"
"RI",2012,0.848836352563633,"consumption"
"RI",2014,0.375750318920557,"consumption"
"RI",2016,0.45861093767627,"consumption"
"RI",2018,0.102388665986864,"consumption"
"RI",2020,0.112433727632492,"consumption"
"RI",2022,0.381501917403944,"consumption"
"RI",2024,0.368693823055246,"consumption"
"RI",2026,0.221660787304834,"consumption"
"RI",2028,0.184354761547374,"consumption"
"RI",2030,0.182923008467088,"consumption"
"RI",2032,0.180664660477585,"consumption"
"RI",2034,0.173189068395103,"consumption"
"RI",2036,0.0643041174273229,"consumption"
"RI",2038,0.0602067702525498,"consumption"
"RI",2040,0.0446452055587115,"consumption"
"RI",2042,0.0446424995524917,"consumption"
"RI",2044,0.0446398334708386,"consumption"
"RI",2046,0.0497112137206554,"consumption"
"RI",2048,0.0382152213738398,"consumption"
"RI",2050,0.0286655640615464,"consumption"
"SC",2010,38.3627938966549,"consumption"
"SC",2012,27.5067060559541,"consumption"
"SC",2014,32.071938506951,"consumption"
"SC",2016,26.2827231756742,"consumption"
"SC",2018,28.7038177817677,"consumption"
"SC",2020,31.200463444302,"consumption"
"SC",2022,30.1345475218073,"consumption"
"SC",2024,28.3597999765803,"consumption"
"SC",2026,28.0942593677482,"consumption"
"SC",2028,28.1418087146423,"consumption"
"SC",2030,27.5220844643305,"consumption"
"SC",2032,25.3137390848097,"consumption"
"SC",2034,25.5490497386448,"consumption"
"SC",2036,24.8544381617885,"consumption"
"SC",2038,25.8800725519312,"consumption"
"SC",2040,25.6556220644662,"consumption"
"SC",2042,26.4772043680802,"consumption"
"SC",2044,22.6992731631811,"consumption"
"SC",2046,21.9103223797782,"consumption"
"SC",2048,21.920091566045,"consumption"
"SC",2050,21.2433096635156,"consumption"
"SD",2010,2.52036149169258,"consumption"
"SD",2012,2.59961376446559,"consumption"
"SD",2014,2.44418417326448,"consumption"
"SD",2016,2.70062516813998,"consumption"
"SD",2018,2.35913408495133,"consumption"
"SD",2020,0.945467578965774,"consumption"
"SD",2022,0.935816044383858,"consumption"
"SD",2024,0.769587340249186,"consumption"
"SD",2026,0.650171999883689,"consumption"
"SD",2028,0.563382776255008,"consumption"
"SD",2030,0.442459047812545,"consumption"
"SD",2032,0.318897553001994,"consumption"
"SD",2034,0.252696340144895,"consumption"
"SD",2036,0.155915924045554,"consumption"
"SD",2038,0.155958392153357,"consumption"
"SD",2040,0.14872344111158,"consumption"
"SD",2042,0.130596147957234,"consumption"
"SD",2044,0.130651642330603,"consumption"
"SD",2046,0.116788452907949,"consumption"
"SD",2048,0.118962309055833,"consumption"
"SD",2050,0.10177445203016,"consumption"
"TN",2010,25.3689810537761,"consumption"
"TN",2012,21.3378295255384,"consumption"
"TN",2014,22.8958835077829,"consumption"
"TN",2016,27.4147260522515,"consumption"
"TN",2018,28.0036865921297,"consumption"
"TN",2020,28.0599318487,"consumption"
"TN",2022,27.6421124255242,"consumption"
"TN",2024,27.5353576358715,"consumption"
"TN",2026,29.90283244117,"consumption"
"TN",2028,34.8802009959386,"consumption"
"TN",2030,37.9304207750489,"consumption"
"TN",2032,41.0162909235088,"consumption"
"TN",2034,44.1441939249403,"consumption"
"TN",2036,45.7984613421687,"consumption"
"TN",2038,46.2810747087332,"consumption"
"TN",2040,47.1094968750863,"consumption"
"TN",2042,46.7289852901638,"consumption"
"TN",2044,46.2755074354388,"consumption"
"TN",2046,45.8237690656847,"consumption"
"TN",2048,46.4108406359914,"consumption"
"TN",2050,45.0399140666997,"consumption"
"TX",2010,151.68809433041,"consumption"
"TX",2012,144.075922244568,"consumption"
"TX",2014,146.492845615761,"consumption"
"TX",2016,102.14440779074,"consumption"
"TX",2018,101.982526201843,"consumption"
"TX",2020,98.2174589843838,"consumption"
"TX",2022,93.9407937600729,"consumption"
"TX",2024,93.6395618020831,"consumption"
"TX",2026,90.0444112473887,"consumption"
"TX",2028,88.2550852918832,"consumption"
"TX",2030,85.7063961601228,"consumption"
"TX",2032,87.2570250991307,"consumption"
"TX",2034,90.0433621267579,"consumption"
"TX",2036,90.8677706342395,"consumption"
"TX",2038,90.7547425252034,"consumption"
"TX",2040,92.7637212137811,"consumption"
"TX",2042,95.131058081764,"consumption"
"TX",2044,97.1358627939171,"consumption"
"TX",2046,99.7415148927868,"consumption"
"TX",2048,102.816216861373,"consumption"
"TX",2050,97.8359986134366,"consumption"
"UT",2010,24.7628019524602,"consumption"
"UT",2012,25.1017986248583,"consumption"
"UT",2014,25.5253343194008,"consumption"
"UT",2016,25.0045402387248,"consumption"
"UT",2018,25.1683965871403,"consumption"
"UT",2020,24.5348597924515,"consumption"
"UT",2022,24.3300706376375,"consumption"
"UT",2024,24.3257087447119,"consumption"
"UT",2026,24.9735266463632,"consumption"
"UT",2028,24.9669917726845,"consumption"
"UT",2030,24.9404830685635,"consumption"
"UT",2032,24.9013378354478,"consumption"
"UT",2034,24.916984610432,"consumption"
"UT",2036,24.8192551940907,"consumption"
"UT",2038,24.5473842553405,"consumption"
"UT",2040,24.4242652168492,"consumption"
"UT",2042,24.3811796003726,"consumption"
"UT",2044,24.5492987802543,"consumption"
"UT",2046,24.8512698845651,"consumption"
"UT",2048,25.0824668884561,"consumption"
"UT",2050,23.406100936838,"consumption"
"VA",2010,25.20924578429,"consumption"
"VA",2012,21.387543805839,"consumption"
"VA",2014,23.1130969002559,"consumption"
"VA",2016,17.5676411084459,"consumption"
"VA",2018,19.3831722905005,"consumption"
"VA",2020,22.8795650152062,"consumption"
"VA",2022,24.0465871968424,"consumption"
"VA",2024,22.9900440585983,"consumption"
"VA",2026,23.2425156007744,"consumption"
"VA",2028,23.1700872268597,"consumption"
"VA",2030,21.9818674467163,"consumption"
"VA",2032,22.0794011905527,"consumption"
"VA",2034,22.8248166524721,"consumption"
"VA",2036,20.6840770760661,"consumption"
"VA",2038,19.8600265825416,"consumption"
"VA",2040,19.7196050462122,"consumption"
"VA",2042,20.0794885597933,"consumption"
"VA",2044,19.8906911838166,"consumption"
"VA",2046,20.3331489662316,"consumption"
"VA",2048,22.446954928,"consumption"
"VA",2050,22.2586298586936,"consumption"
"VT",2010,1.62059158811326,"consumption"
"VT",2012,1.47140541533638,"consumption"
"VT",2014,0.289845493248632,"consumption"
"VT",2016,0.289908394889528,"consumption"
"VT",2018,0.249169387175485,"consumption"
"VT",2020,0.249284885047741,"consumption"
"VT",2022,0.249297815887921,"consumption"
"VT",2024,0.249301034964659,"consumption"
"VT",2026,0.249304750586626,"consumption"
"VT",2028,0.249312719388124,"consumption"
"VT",2030,0.249321650463172,"consumption"
"VT",2032,0.249330293905914,"consumption"
"VT",2034,0.0737502958963626,"consumption"
"VT",2036,0.073754187567586,"consumption"
"VT",2038,0.215742659794149,"consumption"
"VT",2040,0.407719023279788,"consumption"
"VT",2042,0.386192714328813,"consumption"
"VT",2044,0.597640118262408,"consumption"
"VT",2046,0.701251893900316,"consumption"
"VT",2048,0.707160592786744,"consumption"
"VT",2050,0.590345822601813,"consumption"
"WA",2010,14.9905885577014,"consumption"
"WA",2012,11.5380263800924,"consumption"
"WA",2014,14.4643449626851,"consumption"
"WA",2016,10.2649674960238,"consumption"
"WA",2018,13.6151866163971,"consumption"
"WA",2020,10.8922754625681,"consumption"
"WA",2022,12.119658088924,"consumption"
"WA",2024,12.2265720699979,"consumption"
"WA",2026,8.92083848683814,"consumption"
"WA",2028,8.92084089878914,"consumption"
"WA",2030,8.91802035298163,"consumption"
"WA",2032,9.08738994925037,"consumption"
"WA",2034,9.34695545630748,"consumption"
"WA",2036,9.83981605693443,"consumption"
"WA",2038,11.180491402885,"consumption"
"WA",2040,11.4254952837973,"consumption"
"WA",2042,12.7710362799654,"consumption"
"WA",2044,8.1882406774107,"consumption"
"WA",2046,8.61464508417587,"consumption"
"WA",2048,8.56783975616291,"consumption"
"WA",2050,9.07678750876774,"consumption"
"WI",2010,26.3918624042981,"consumption"
"WI",2012,23.8219509472041,"consumption"
"WI",2014,25.5072885156563,"consumption"
"WI",2016,25.6650367709942,"consumption"
"WI",2018,21.6153196638757,"consumption"
"WI",2020,19.7227026372086,"consumption"
"WI",2022,16.336971456801,"consumption"
"WI",2024,16.4795842606319,"consumption"
"WI",2026,17.5559451645738,"consumption"
"WI",2028,18.4215878251714,"consumption"
"WI",2030,18.0068411245195,"consumption"
"WI",2032,19.9479232421738,"consumption"
"WI",2034,21.9034399237894,"consumption"
"WI",2036,21.8385314274494,"consumption"
"WI",2038,21.8783573000071,"consumption"
"WI",2040,21.8749056146809,"consumption"
"WI",2042,22.3622074261525,"consumption"
"WI",2044,21.9711245961398,"consumption"
"WI",2046,21.7781164954441,"consumption"
"WI",2048,21.5906689785496,"consumption"
"WI",2050,20.7950291192494,"consumption"
"WV",2010,48.6179257241113,"consumption"
"WV",2012,48.5550661292404,"consumption"
"WV",2014,61.7667377384295,"consumption"
"WV",2016,60.9411852925149,"consumption"
"WV",2018,54.3763714927686,"consumption"
"WV",2020,54.340593479293,"consumption"
"WV",2022,52.944825082487,"consumption"
"WV",2024,51.7546611826792,"consumption"
"WV",2026,50.9128227788424,"consumption"
"WV",2028,48.9924008341735,"consumption"
"WV",2030,36.6148203940379,"consumption"
"WV",2032,27.4297657556866,"consumption"
"WV",2034,15.6428497751206,"consumption"
"WV",2036,9.64059476747017,"consumption"
"WV",2038,5.11621946399131,"consumption"
"WV",2040,2.81546972662211,"consumption"
"WV",2042,2.51704571531708,"consumption"
"WV",2044,2.49116688318382,"consumption"
"WV",2046,2.48987032027557,"consumption"
"WV",2048,2.49763464922909,"consumption"
"WV",2050,3.03260446804651,"consumption"
"WY",2010,24.6317339131006,"consumption"
"WY",2012,23.3212193010192,"consumption"
"WY",2014,24.7417195229443,"consumption"
"WY",2016,15.2691728254655,"consumption"
"WY",2018,23.0090414630162,"consumption"
"WY",2020,20.2754911028006,"consumption"
"WY",2022,17.5762036389953,"consumption"
"WY",2024,18.4346386939428,"consumption"
"WY",2026,23.5037321243939,"consumption"
"WY",2028,22.6429152995229,"consumption"
"WY",2030,20.8002498011106,"consumption"
"WY",2032,21.3845108102673,"consumption"
"WY",2034,21.313313780902,"consumption"
"WY",2036,18.9044361380073,"consumption"
"WY",2038,8.61483977239166,"consumption"
"WY",2040,8.43001680067477,"consumption"
"WY",2042,7.5362977666832,"consumption"
"WY",2044,7.51336472852347,"consumption"
"WY",2046,6.39893481122699,"consumption"
"WY",2048,6.07012983422061,"consumption"
"WY",2050,5.41905938895683,"consumption"
